DATETIME,price
2020-01-02,195.73
2020-01-03,222.31
2020-01-04,224.37
2020-01-05,222.68
2020-01-06,244.1
2020-01-07,242.32
2020-01-08,240.17
2020-01-09,238.03
2020-01-10,271.71
2020-01-11,260.84
2020-01-12,270.77
2020-01-13,267.0
2020-01-14,348.76
2020-01-15,340.3
2020-01-16,326.77
2020-01-17,368.2
2020-01-18,339.63
2020-01-19,339.62
2020-01-20,343.88
2020-01-21,343.48
2020-01-22,349.12
2020-01-23,325.55
2020-01-24,319.2
2020-01-25,310.49
2020-01-26,347.89
2020-01-27,362.79
2020-01-28,378.82
2020-01-29,380.4
2020-01-30,392.81
2020-01-31,375.22
2020-02-02,377.72
2020-02-03,384.42
2020-02-04,381.04
2020-02-05,445.34
2020-02-06,446.26
2020-02-07,439.66
2020-02-08,444.89
2020-02-09,450.5
2020-02-10,452.63
2020-02-11,462.8
2020-02-12,474.07
2020-02-13,477.33
2020-02-14,494.15
2020-02-15,439.29
2020-02-16,412.12
2020-02-17,413.23
2020-02-18,420.83
2020-02-19,378.61
2020-02-20,370.97
2020-02-21,378.45
2020-02-22,373.41
2020-02-23,402.06
2020-02-24,378.53
2020-02-25,353.31
2020-02-26,316.94
2020-02-27,324.75
2020-02-28,315.17
2020-02-29,306.32
2020-03-02,339.54
2020-03-03,329.65
2020-03-04,319.74
2020-03-05,337.39
2020-03-06,350.72
2020-03-07,331.06
2020-03-08,273.18
2020-03-09,273.21
2020-03-10,272.03
2020-03-11,267.4
2020-03-12,142.74
2020-03-13,177.39
2020-03-14,167.38
2020-03-15,178.34
2020-03-16,172.41
2020-03-17,182.46
2020-03-18,184.94
2020-03-19,220.99
2020-03-20,215.23
2020-03-21,220.1
2020-03-22,202.8
2020-03-23,221.37
2020-03-24,227.42
2020-03-25,220.79
2020-03-26,227.95
2020-03-27,213.27
2020-03-28,213.84
2020-03-29,205.5
2020-03-30,220.08
2020-03-31,218.39
2020-04-02,232.02
2020-04-03,236.19
2020-04-04,238.23
2020-04-05,231.08
2020-04-06,258.25
2020-04-07,252.51
2020-04-08,267.47
2020-04-09,256.0
2020-04-10,232.6
2020-04-11,232.72
2020-04-12,232.86
2020-04-13,223.13
2020-04-14,223.18
2020-04-15,215.06
2020-04-16,235.12
2020-04-17,232.11
2020-04-18,243.89
2020-04-19,231.29
2020-04-20,219.14
2020-04-21,219.49
2020-04-22,233.12
2020-04-23,237.61
2020-04-24,238.05
2020-04-25,238.24
2020-04-26,246.51
2020-04-27,242.98
2020-04-28,241.17
2020-04-29,258.06
2020-04-30,250.32
2020-05-02,261.25
2020-05-03,251.69
2020-05-04,245.76
2020-05-05,247.04
2020-05-06,241.49
2020-05-07,252.25
2020-05-08,260.63
2020-05-09,265.67
2020-05-10,232.8
2020-05-11,235.18
2020-05-12,233.21
2020-05-13,239.36
2020-05-14,242.5
2020-05-15,235.17
2020-05-16,236.42
2020-05-17,240.75
2020-05-18,248.58
2020-05-19,246.82
2020-05-20,239.81
2020-05-21,228.1
2020-05-22,234.65
2020-05-23,233.99
2020-05-24,222.91
2020-05-25,230.56
2020-05-26,227.95
2020-05-27,232.81
2020-05-28,239.92
2020-05-29,238.5
2020-05-30,252.56
2020-05-31,238.78
2020-06-02,251.04
2020-06-03,253.49
2020-06-04,256.37
2020-06-05,256.3
2020-06-06,253.33
2020-06-07,253.64
2020-06-08,255.47
2020-06-09,254.14
2020-06-10,257.0
2020-06-11,234.84
2020-06-12,240.99
2020-06-13,240.82
2020-06-14,237.46
2020-06-15,235.56
2020-06-16,237.4
2020-06-17,240.37
2020-06-18,236.12
2020-06-19,233.37
2020-06-20,232.69
2020-06-21,230.3
2020-06-22,241.01
2020-06-23,240.78
2020-06-24,232.82
2020-06-25,232.46
2020-06-26,230.7
2020-06-27,216.3
2020-06-28,222.64
2020-06-29,225.29
2020-06-30,222.17
2020-07-02,219.69
2020-07-03,220.76
2020-07-04,225.27
2020-07-05,222.3
2020-07-06,242.27
2020-07-07,237.85
2020-07-08,243.34
2020-07-09,238.14
2020-07-10,238.54
2020-07-11,236.7
2020-07-12,237.55
2020-07-13,232.2
2020-07-14,230.38
2020-07-15,227.65
2020-07-16,224.38
2020-07-17,222.8
2020-07-18,224.52
2020-07-19,227.94
2020-07-20,222.79
2020-07-21,230.48
2020-07-22,240.13
2020-07-23,238.6
2020-07-24,235.26
2020-07-25,251.46
2020-07-26,247.79
2020-07-27,269.09
2020-07-28,289.32
2020-07-29,288.22
2020-07-30,291.75
2020-07-31,300.88
2020-08-02,284.45
2020-08-03,297.13
2020-08-04,288.47
2020-08-05,293.9
2020-08-06,309.37
2020-08-07,302.6
2020-08-08,305.6
2020-08-09,300.33
2020-08-10,302.81
2020-08-11,281.98
2020-08-12,284.97
2020-08-13,296.29
2020-08-14,293.8
2020-08-15,302.68
2020-08-16,308.9
2020-08-17,318.31
2020-08-18,303.37
2020-08-19,293.0
2020-08-20,294.93
2020-08-21,283.24
2020-08-22,286.74
2020-08-23,284.96
2020-08-24,291.01
2020-08-25,275.78
2020-08-26,275.2
2020-08-27,264.99
2020-08-28,268.88
2020-08-29,268.36
2020-08-30,279.61
2020-08-31,273.87
2020-09-02,264.15
2020-09-03,213.63
2020-09-04,229.88
2020-09-05,225.71
2020-09-06,227.7
2020-09-07,228.79
2020-09-08,222.37
2020-09-09,224.01
2020-09-10,227.44
2020-09-11,225.27
2020-09-12,230.32
2020-09-13,222.1
2020-09-14,225.85
2020-09-15,235.3
2020-09-16,230.8
2020-09-17,232.91
2020-09-18,234.12
2020-09-19,233.23
2020-09-20,226.19
2020-09-21,212.37
2020-09-22,220.08
2020-09-23,207.98
2020-09-24,216.26
2020-09-25,216.47
2020-09-26,221.34
2020-09-27,229.55
2020-09-28,225.87
2020-09-29,229.1
2020-09-30,228.06
2020-10-02,219.67
2020-10-03,218.41
2020-10-04,220.93
2020-10-05,221.66
2020-10-06,219.55
2020-10-07,223.0
2020-10-08,233.98
2020-10-09,237.33
2020-10-10,237.41
2020-10-11,239.05
2020-10-12,239.65
2020-10-13,253.4
2020-10-14,259.0
2020-10-15,262.26
2020-10-16,250.48
2020-10-17,244.83
2020-10-18,249.4
2020-10-19,250.02
2020-10-20,240.92
2020-10-21,258.66
2020-10-22,268.1
2020-10-23,270.64
2020-10-24,276.05
2020-10-25,271.36
2020-10-26,259.54
2020-10-27,264.38
2020-10-28,268.34
2020-10-29,267.37
2020-10-30,261.95
2020-10-31,262.14
2020-11-02,257.29
2020-11-03,243.85
2020-11-04,240.78
2020-11-05,249.28
2020-11-06,257.88
2020-11-07,253.7
2020-11-08,271.24
2020-11-09,264.27
2020-11-10,257.25
2020-11-11,256.45
2020-11-12,259.8
2020-11-13,257.71
2020-11-14,245.86
2020-11-15,240.98
2020-11-16,249.77
2020-11-17,255.73
2020-11-18,246.51
2020-11-19,246.18
2020-11-20,260.43
2020-11-21,305.68
2020-11-22,289.41
2020-11-23,323.89
2020-11-24,348.6
2020-11-25,313.47
2020-11-26,271.7
2020-11-27,265.65
2020-11-28,276.1
2020-11-29,285.43
2020-11-30,317.87
2020-12-02,294.35
2020-12-03,292.35
2020-12-04,279.77
2020-12-05,289.77
2020-12-06,286.44
2020-12-07,284.19
2020-12-08,267.84
2020-12-09,268.84
2020-12-10,265.96
2020-12-11,259.49
2020-12-12,267.96
2020-12-13,276.12
2020-12-14,276.97
2020-12-15,289.13
2020-12-16,312.38
2020-12-17,310.87
2020-12-18,313.64
2020-12-19,318.28
2020-12-20,349.41
2020-12-21,313.65
2020-12-22,322.83
2020-12-23,275.21
2020-12-24,296.74
2020-12-25,319.37
2020-12-26,324.06
2020-12-27,338.42
2020-12-28,361.12
2020-12-29,353.37
2020-12-30,359.26
2020-12-31,342.49
2021-01-02,354.88
2021-01-03,425.18
2021-01-04,405.66
2021-01-05,418.74
2021-01-06,454.23
2021-01-07,448.99
2021-01-08,437.33
2021-01-09,576.54
2021-01-10,601.44
2021-01-11,476.91
2021-01-12,452.27
2021-01-13,496.75
2021-01-14,527.67
2021-01-15,491.1
2021-01-16,490.14
2021-01-17,480.0
2021-01-18,509.66
2021-01-19,507.75
2021-01-20,497.48
2021-01-21,418.74
2021-01-22,440.32
2021-01-23,431.89
2021-01-24,439.98
2021-01-25,432.29
2021-01-26,428.12
2021-01-27,377.43
2021-01-28,405.38
2021-01-29,407.7
2021-01-30,417.8
2021-01-31,400.09
2021-02-02,431.04
2021-02-03,446.81
2021-02-04,421.32
2021-02-05,448.2
2021-02-06,459.12
2021-02-07,445.76
2021-02-08,485.0
2021-02-09,516.06
2021-02-10,495.53
2021-02-11,530.78
2021-02-12,577.54
2021-02-13,668.9
2021-02-14,721.7
2021-02-15,715.77
2021-02-16,705.87
2021-02-17,717.41
2021-02-18,704.9
2021-02-19,720.23
2021-02-20,679.36
2021-02-21,707.65
2021-02-22,628.6
2021-02-23,515.49
2021-02-24,526.66
2021-02-25,499.31
2021-02-26,484.69
2021-02-27,483.43
2021-02-28,460.55
2021-03-02,517.47
2021-03-03,521.45
2021-03-04,506.03
2021-03-05,497.48
2021-03-06,500.93
2021-03-07,517.17
2021-03-08,529.92
2021-03-09,546.4
2021-03-10,547.37
2021-03-11,550.57
2021-03-12,539.01
2021-03-13,595.27
2021-03-14,552.59
2021-03-15,523.88
2021-03-16,528.9
2021-03-17,542.17
2021-03-18,528.62
2021-03-19,533.13
2021-03-20,536.7
2021-03-21,524.22
2021-03-22,509.5
2021-03-23,511.26
2021-03-24,474.43
2021-03-25,473.1
2021-03-26,505.82
2021-03-27,501.02
2021-03-28,497.52
2021-03-29,518.81
2021-03-30,526.45
2021-03-31,541.89
2021-04-02,581.65
2021-04-03,531.17
2021-04-04,561.26
2021-04-05,648.47
2021-04-06,663.42
2021-04-07,616.28
2021-04-08,643.95
2021-04-09,632.11
2021-04-10,674.43
2021-04-11,690.64
2021-04-12,671.4
2021-04-13,746.32
2021-04-14,815.56
2021-04-15,864.96
2021-04-16,1104.74
2021-04-17,992.8
2021-04-18,973.27
2021-04-19,891.72
2021-04-20,940.63
2021-04-21,909.96
2021-04-22,853.83
2021-04-23,839.57
2021-04-24,771.42
2021-04-25,759.56
2021-04-26,849.21
2021-04-27,890.58
2021-04-28,911.1
2021-04-29,881.02
2021-04-30,997.27
2021-05-02,973.77
2021-05-03,1016.51
2021-05-04,951.58
2021-05-05,1455.3
2021-05-06,1509.43
2021-05-07,1340.81
2021-05-08,1398.09
2021-05-09,1428.96
2021-05-10,1321.02
2021-05-11,1549.01
2021-05-12,1237.06
2021-05-13,1256.93
2021-05-14,1296.68
2021-05-15,1171.42
2021-05-16,1166.99
2021-05-17,1069.52
2021-05-18,1089.23
2021-05-19,693.53
2021-05-20,817.3
2021-05-21,687.05
2021-05-22,629.37
2021-05-23,551.45
2021-05-24,753.24
2021-05-25,717.97
2021-05-26,763.54
2021-05-27,749.91
2021-05-28,688.55
2021-05-29,651.68
2021-05-30,661.49
2021-05-31,702.12
2021-06-02,697.46
2021-06-03,718.71
2021-06-04,670.11
2021-06-05,648.74
2021-06-06,655.81
2021-06-07,596.3
2021-06-08,595.1
2021-06-09,633.77
2021-06-10,601.33
2021-06-11,576.88
2021-06-12,579.7
2021-06-13,612.93
2021-06-14,641.07
2021-06-15,627.24
2021-06-16,593.36
2021-06-17,598.56
2021-06-18,562.82
2021-06-19,551.85
2021-06-20,555.91
2021-06-21,455.28
2021-06-22,443.69
2021-06-23,472.71
2021-06-24,486.72
2021-06-25,448.74
2021-06-26,459.21
2021-06-27,477.48
2021-06-28,501.67
2021-06-29,524.16
2021-06-30,526.66
2021-07-02,495.38
2021-07-03,505.16
2021-07-04,526.85
2021-07-05,504.2
2021-07-06,511.13
2021-07-07,509.07
2021-07-08,490.0
2021-07-09,503.97
2021-07-10,496.7
2021-07-11,498.07
2021-07-12,479.3
2021-07-13,465.0
2021-07-14,467.05
2021-07-15,455.67
2021-07-16,437.84
2021-07-17,435.94
2021-07-18,437.75
2021-07-19,414.78
2021-07-20,398.23
2021-07-21,430.58
2021-07-22,441.99
2021-07-23,454.61
2021-07-24,458.51
2021-07-25,454.72
2021-07-26,481.29
2021-07-27,501.93
2021-07-28,511.6
2021-07-29,539.14
2021-07-30,552.68
2021-07-31,545.7
2021-08-02,543.46
2021-08-03,538.58
2021-08-04,545.97
2021-08-05,548.7
2021-08-06,557.71
2021-08-07,583.7
2021-08-08,555.84
2021-08-09,591.75
2021-08-10,592.38
2021-08-11,620.81
2021-08-12,606.33
2021-08-13,654.8
2021-08-14,692.33
2021-08-15,703.74
2021-08-16,673.56
2021-08-17,639.92
2021-08-18,632.21
2021-08-19,659.99
2021-08-20,694.3
2021-08-21,676.26
2021-08-22,672.86
2021-08-23,678.77
2021-08-24,636.73
2021-08-25,650.59
2021-08-26,606.69
2021-08-27,635.86
2021-08-28,646.89
2021-08-29,659.41
2021-08-30,632.62
2021-08-31,637.27
2021-09-02,665.05
2021-09-03,714.66
2021-09-04,709.59
2021-09-05,765.27
2021-09-06,785.22
2021-09-07,673.52
2021-09-08,662.71
2021-09-09,661.71
2021-09-10,628.78
2021-09-11,636.39
2021-09-12,646.54
2021-09-13,614.19
2021-09-14,641.04
2021-09-15,652.97
2021-09-16,639.48
2021-09-17,621.62
2021-09-18,630.83
2021-09-19,608.92
2021-09-20,542.58
2021-09-21,504.9
2021-09-22,547.34
2021-09-23,552.34
2021-09-24,513.12
2021-09-25,516.5
2021-09-26,502.99
2021-09-27,487.7
2021-09-28,473.71
2021-09-29,484.73
2021-09-30,502.49
2021-10-02,551.91
2021-10-03,571.15
2021-10-04,550.7
2021-10-05,594.86
2021-10-06,617.61
2021-10-07,611.89
2021-10-08,596.98
2021-10-09,615.82
2021-10-10,584.82
2021-10-11,601.28
2021-10-12,588.12
2021-10-13,593.6
2021-10-14,599.5
2021-10-15,626.17
2021-10-16,626.16
2021-10-17,612.99
2021-10-18,611.79
2021-10-19,618.68
2021-10-20,645.23
2021-10-21,623.87
2021-10-22,624.32
2021-10-23,629.64
2021-10-24,617.56
2021-10-25,621.89
2021-10-26,611.92
2021-10-27,548.75
2021-10-28,578.83
2021-10-29,595.34
2021-10-30,585.56
2021-10-31,597.61
2021-11-02,599.27
2021-11-03,611.98
2021-11-04,596.06
2021-11-05,598.23
2021-11-06,587.69
2021-11-07,601.23
2021-11-08,639.15
2021-11-09,718.32
2021-11-10,663.3
2021-11-11,676.3
2021-11-12,668.54
2021-11-13,665.89
2021-11-14,679.66
2021-11-15,666.21
2021-11-16,598.29
2021-11-17,595.1
2021-11-18,554.47
2021-11-19,574.21
2021-11-20,584.69
2021-11-21,574.95
2021-11-22,556.96
2021-11-23,571.28
2021-11-24,618.97
2021-11-25,617.29
2021-11-26,557.14
2021-11-27,562.73
2021-11-28,569.04
2021-11-29,574.94
2021-11-30,570.57
2021-12-02,561.77
2021-12-03,532.66
2021-12-04,472.86
2021-12-05,453.28
2021-12-06,474.4
2021-12-07,474.02
2021-12-08,480.28
2021-12-09,448.67
2021-12-10,437.75
2021-12-11,459.22
2021-12-12,457.61
2021-12-13,421.75
2021-12-14,436.49
2021-12-15,447.63
2021-12-16,438.2
2021-12-17,424.39
2021-12-18,435.47
2021-12-19,432.47
2021-12-20,430.04
2021-12-21,437.51
2021-12-22,438.08
2021-12-23,455.57
2021-12-24,451.95
2021-12-25,455.1
2021-12-26,451.28
2021-12-27,465.51
2021-12-28,438.66
2021-12-29,429.74
2021-12-30,431.18
2021-12-31,429.98
2022-01-01,444.71
2022-01-02,447.52
2022-01-03,434.79
2022-01-04,426.8
2022-01-05,399.41
2022-01-06,399.63
2022-01-07,385.72
2022-01-08,372.86
2022-01-09,376.85
2022-01-10,363.3
2022-01-11,369.74
2022-01-12,383.7
2022-01-13,377.21
2022-01-14,385.31
2022-01-15,390.51
2022-01-16,388.03
2022-01-17,380.38
2022-01-18,381.06
2022-01-19,368.79
2022-01-20,357.21
2022-01-21,314.8
2022-01-22,291.75
2022-01-23,302.39
2022-01-24,292.22
2022-01-25,291.5
2022-01-26,289.02
2022-01-27,289.4
2022-01-28,296.36
2022-01-29,298.61
2022-01-30,289.71
2022-01-31,284.67
2022-02-01,287.69
2022-02-02,277.68
2022-02-03,280.98
2022-02-04,306.02
2022-02-05,320.07
2022-02-06,324.5
2022-02-07,343.03
2022-02-08,335.25
2022-02-09,345.81
2022-02-10,340.55
2022-02-11,320.41
2022-02-12,330.1
2022-02-13,333.51
2022-02-14,330.33
2022-02-15,343.11
2022-02-16,334.22
2022-02-17,312.86
2022-02-18,309.88
2022-02-19,311.65
2022-02-20,302.51
2022-02-21,283.1
2022-02-22,293.02
2022-02-23,288.11
2022-02-24,300.44
2022-02-25,308.52
2022-02-26,315.25
2022-02-27,303.69
2022-02-28,338.85
2022-03-01,328.44
2022-03-02,319.86
2022-03-03,315.06
2022-03-04,290.25
2022-03-05,293.96
2022-03-06,281.89
2022-03-07,273.64
2022-03-08,284.19
2022-03-09,307.08
2022-03-10,289.32
2022-03-11,287.4
2022-03-12,290.66
2022-03-13,279.48
2022-03-14,289.26
2022-03-15,289.14
2022-03-16,299.63
2022-03-17,296.13
2022-03-18,305.41
2022-03-19,327.69
2022-03-20,327.24
2022-03-21,334.68
2022-03-22,375.13
2022-03-23,363.69
2022-03-24,365.81
2022-03-25,364.83
2022-03-26,361.63
2022-03-27,376.45
2022-03-28,368.14
2022-03-29,373.02
2022-03-30,380.21
2022-03-31,384.09
2022-04-01,377.04
2022-04-02,372.56
2022-04-03,378.42
2022-04-04,375.99
2022-04-05,365.05
2022-04-06,330.82
2022-04-07,335.78
2022-04-08,322.91
2022-04-09,325.74
2022-04-10,319.65
2022-04-11,294.78
2022-04-12,304.75
2022-04-13,340.9
2022-04-14,337.42
2022-04-15,340.62
2022-04-16,342.58
2022-04-17,327.85
2022-04-18,340.24
2022-04-19,340.28
2022-04-20,330.56
2022-04-21,315.44
2022-04-22,320.77
2022-04-23,312.43
2022-04-24,307.39
2022-04-25,314.44
2022-04-26,295.85
2022-04-27,307.08
2022-04-28,306.28
2022-04-29,294.65
2022-04-30,277.36
2022-05-01,283.67
2022-05-02,284.86
2022-05-03,279.29
2022-05-04,299.64
2022-05-05,276.99
2022-05-06,274.85
2022-05-07,267.77
2022-05-08,261.62
2022-05-09,217.41
2022-05-10,231.49
2022-05-11,194.57
2022-05-12,194.2
2022-05-13,202.24
2022-05-14,208.66
2022-05-15,214.76
2022-05-16,197.45
2022-05-17,206.74
2022-05-18,186.89
2022-05-19,196.35
2022-05-20,189.88
2022-05-21,192.19
2022-05-22,197.89
2022-05-23,191.84
2022-05-24,195.51
2022-05-25,190.09
2022-05-26,179.22
2022-05-27,174.76
2022-05-28,178.55
2022-05-29,184.96
2022-05-30,196.81
2022-05-31,204.43
2022-06-01,185.84
2022-06-02,188.82
2022-06-03,182.92
2022-06-04,188.61
2022-06-05,179.81
2022-06-06,185.4
2022-06-07,181.83
2022-06-08,176.56
2022-06-09,175.45
2022-06-10,167.3
2022-06-11,156.61
2022-06-12,145.87
2022-06-13,126.84
2022-06-14,125.9
2022-06-15,127.87
2022-06-16,109.28
2022-06-17,121.33
2022-06-18,115.28
2022-06-19,120.61
2022-06-20,118.57
2022-06-21,119.43
2022-06-22,112.69
2022-06-23,116.21
2022-06-24,114.07
2022-06-25,115.38
2022-06-26,112.74
2022-06-27,111.4
2022-06-28,103.09
2022-06-29,104.56
2022-06-30,103.14
2022-07-01,101.44
2022-07-02,106.52
2022-07-03,105.6
2022-07-04,108.11
2022-07-05,103.96
2022-07-06,105.84
2022-07-07,111.39
2022-07-08,108.39
2022-07-09,111.27
2022-07-10,106.77
2022-07-11,98.85
2022-07-12,97.13
2022-07-13,102.46
2022-07-14,102.97
2022-07-15,106.05
2022-07-16,109.44
2022-07-17,110.11
2022-07-18,121.21
2022-07-19,128.23
2022-07-20,121.72
2022-07-21,123.01
2022-07-22,123.13
2022-07-23,122.24
2022-07-24,131.77
2022-07-25,117.88
2022-07-26,118.8
2022-07-27,127.32
2022-07-28,155.67
2022-07-29,151.65
2022-07-30,145.34
2022-07-31,139.1
2022-08-01,137.72
2022-08-02,133.7
2022-08-03,133.63
2022-08-04,134.15
2022-08-05,141.81
2022-08-06,141.21
2022-08-07,140.88
2022-08-08,143.43
2022-08-09,134.57
2022-08-10,142.08
2022-08-11,142.81
2022-08-12,143.02
2022-08-13,144.17
2022-08-14,139.32
2022-08-15,137.05
2022-08-16,136.26
2022-08-17,133.7
2022-08-18,128.97
2022-08-19,114.3
2022-08-20,114.47
2022-08-21,119.55
2022-08-22,122.53
2022-08-23,133.34
2022-08-24,130.36
2022-08-25,130.44
2022-08-26,116.02
2022-08-27,115.12
2022-08-28,112.53
2022-08-29,119.4
2022-08-30,114.57
2022-08-31,114.99
2022-09-01,116.54
2022-09-02,116.3
2022-09-03,117.71
2022-09-04,118.34
2022-09-05,125.51
2022-09-06,112.07
2022-09-07,118.67
2022-09-08,126.51
2022-09-09,132.68
2022-09-10,132.52
2022-09-11,130.12
2022-09-12,128.77
2022-09-13,117.39
2022-09-14,119.85
2022-09-15,117.46
2022-09-16,119.52
2022-09-17,122.07
2022-09-18,111.7
2022-09-19,111.91
2022-09-20,112.68
2022-09-21,108.71
2022-09-22,116.52
2022-09-23,120.07
2022-09-24,117.26
2022-09-25,113.39
2022-09-26,116.24
2022-09-27,114.19
2022-09-28,114.01
2022-09-29,116.89
2022-09-30,120.02
2022-10-01,117.1
2022-10-02,114.19
2022-10-03,116.16
2022-10-04,121.08
2022-10-05,122.01
2022-10-06,118.25
2022-10-07,116.68
2022-10-08,116.94
2022-10-09,117.14
2022-10-10,111.52
2022-10-11,111.09
2022-10-12,111.67
2022-10-13,108.64
2022-10-14,107.44
2022-10-15,107.88
2022-10-16,110.21
2022-10-17,110.54
2022-10-18,108.62
2022-10-19,105.82
2022-10-20,106.35
2022-10-21,106.97
2022-10-22,108.55
2022-10-23,110.74
2022-10-24,107.84
2022-10-25,112.61
2022-10-26,114.38
2022-10-27,112.27
2022-10-28,115.51
2022-10-29,118.42
2022-10-30,116.1
2022-10-31,114.99
2022-11-01,114.93
2022-11-02,113.56
2022-11-03,115.56
2022-11-04,124.37
2022-11-05,123.68
2022-11-06,116.54
2022-11-07,117.79
2022-11-08,103.08
2022-11-09,89.03
2022-11-10,102.59
2022-11-11,102.98
2022-11-12,102.62
2022-11-13,99.47
2022-11-14,103.7
2022-11-15,103.82
2022-11-16,104.32
2022-11-17,103.73
2022-11-18,104.62
2022-11-19,104.7
2022-11-20,104.65
2022-11-21,103.19
2022-11-22,109.31
2022-11-23,114.82
2022-11-24,115.84
2022-11-25,113.84
2022-11-26,112.36
2022-11-27,111.08
2022-11-28,109.88
2022-11-29,110.82
2022-11-30,113.31
2022-12-01,110.31
2022-12-02,111.9
2022-12-03,109.55
2022-12-04,110.94
2022-12-05,110.32
2022-12-06,111.97
2022-12-07,109.03
2022-12-08,111.79
2022-12-09,109.76
2022-12-10,109.04
2022-12-11,106.09
2022-12-12,106.22
2022-12-13,110.17
2022-12-14,108.93
2022-12-15,107.2
2022-12-16,99.98
2022-12-17,103.03
2022-12-18,101.84
2022-12-19,98.29
2022-12-20,101.54
2022-12-21,100.26
2022-12-22,101.38
2022-12-23,101.87
2022-12-24,101.62
2022-12-25,101.3
2022-12-26,103.39
2022-12-27,101.64
2022-12-28,99.13
2022-12-29,98.37
2022-12-30,96.62
2022-12-31,97.03
2023-01-01,96.76
2023-01-02,99.23
2023-01-03,99.62
2023-01-04,101.47
2023-01-05,101.15
2023-01-06,101.6
2023-01-07,101.44
2023-01-08,103.63
2023-01-09,106.71
2023-01-10,107.37
2023-01-11,109.77
2023-01-12,119.6
2023-01-13,124.55
2023-01-14,125.82
2023-01-15,124.96
2023-01-16,124.01
2023-01-17,122.64
2023-01-18,118.54
2023-01-19,121.58
2023-01-20,127.99
2023-01-21,127.86
2023-01-22,128.49
2023-01-23,133.21
2023-01-24,128.1
2023-01-25,131.81
2023-01-26,133.83
2023-01-27,135.23
2023-01-28,132.6
2023-01-29,136.51
2023-01-30,130.98
2023-01-31,133.15
2023-02-01,136.1
2023-02-02,136.61
2023-02-03,137.82
2023-02-04,137.97
2023-02-05,134.37
2023-02-06,131.42
2023-02-07,135.89
2023-02-08,131.53
2023-02-09,126.56
2023-02-10,124.12
2023-02-11,124.59
2023-02-12,122.7
2023-02-13,123.7
2023-02-14,126.6
2023-02-15,134.8
2023-02-16,127.84
2023-02-17,133.35
2023-02-18,136.1
2023-02-19,135.95
2023-02-20,144.91
2023-02-21,145.26
2023-02-22,141.79
2023-02-23,138.57
2023-02-24,132.66
2023-02-25,133.05
2023-02-26,136.19
2023-02-27,135.06
2023-02-28,131.94
2023-03-01,134.1
2023-03-02,131.78
2023-03-03,126.26
2023-03-04,124.31
2023-03-05,123.9
2023-03-06,124.14
2023-03-07,122.16
2023-03-08,116.53
2023-03-09,110.1
2023-03-10,111.5
2023-03-11,113.39
2023-03-12,120.22
2023-03-13,126.49
2023-03-14,130.94
2023-03-15,123.13
2023-03-16,125.64
2023-03-17,135.37
2023-03-18,130.92
2023-03-19,135.75
2023-03-20,130.16
2023-03-21,133.85
2023-03-22,125.87
2023-03-23,128.53
2023-03-24,123.57
2023-03-25,125.01
2023-03-26,124.63
2023-03-27,120.32
2023-03-28,120.84
2023-03-29,123.15
2023-03-30,121.01
2023-03-31,123.79
2023-04-01,126.0
2023-04-02,122.83
2023-04-03,127.73
2023-04-04,126.95
2023-04-05,127.15
2023-04-06,126.0
2023-04-07,124.47
2023-04-08,123.7
2023-04-09,125.39
2023-04-10,127.95
2023-04-11,129.04
2023-04-12,128.74
2023-04-13,131.02
2023-04-14,132.09
2023-04-15,132.49
2023-04-16,134.29
2023-04-17,131.51
2023-04-18,133.53
2023-04-19,124.77
2023-04-20,123.07
2023-04-21,119.74
2023-04-22,121.87
2023-04-23,119.73
2023-04-24,119.08
2023-04-25,120.13
2023-04-26,117.35
2023-04-27,116.96
2023-04-28,117.87
2023-04-29,119.75
2023-04-30,117.57
2023-05-01,116.93
2023-05-02,119.17
2023-05-03,120.01
2023-05-04,117.27
2023-05-05,120.04
2023-05-06,116.84
2023-05-07,115.99
2023-05-08,111.12
2023-05-09,122.09
2023-05-10,115.65
2023-05-11,113.24
2023-05-12,114.73
2023-05-13,112.84
2023-05-14,115.11
2023-05-15,115.97
2023-05-16,116.66
2023-05-17,117.87
2023-05-18,115.21
2023-05-19,115.49
2023-05-20,116.52
2023-05-21,114.61
2023-05-22,114.62
2023-05-23,115.61
2023-05-24,111.95
2023-05-25,111.82
2023-05-26,113.12
2023-05-27,113.65
2023-05-28,116.4
2023-05-29,114.85
2023-05-30,113.87
2023-05-31,113.2
2023-06-01,113.27
2023-06-02,114.8
2023-06-03,114.91
2023-06-04,115.6
2023-06-05,108.56
2023-06-06,114.7
2023-06-07,111.09
2023-06-08,111.71
2023-06-09,110.75
2023-06-10,103.38
2023-06-11,102.71
2023-06-12,102.71
2023-06-13,105.36
2023-06-14,101.73
2023-06-15,104.77
2023-06-16,108.05
2023-06-17,106.63
2023-06-18,106.91
2023-06-19,106.76
2023-06-20,109.97
2023-06-21,135.6
2023-06-22,133.37
2023-06-23,182.01
2023-06-24,212.36
2023-06-25,193.94
2023-06-26,223.58
2023-06-27,229.85
2023-06-28,224.82
2023-06-29,252.89
2023-06-30,303.99
2023-07-01,291.07
2023-07-02,298.91
2023-07-03,291.7
2023-07-04,272.36
2023-07-05,271.42
2023-07-06,274.57
2023-07-07,278.26
2023-07-08,271.6
2023-07-09,265.4
2023-07-10,274.58
2023-07-11,273.73
2023-07-12,282.04
2023-07-13,273.8
2023-07-14,263.92
2023-07-15,253.07
2023-07-16,249.64
2023-07-17,241.88
2023-07-18,243.52
2023-07-19,243.83
2023-07-20,243.97
2023-07-21,246.02
2023-07-22,239.23
2023-07-23,249.29
2023-07-24,238.28
2023-07-25,236.9
2023-07-26,242.01
2023-07-27,245.07
2023-07-28,241.09
2023-07-29,241.79
2023-07-30,252.89
2023-07-31,247.8
2023-08-01,244.82
2023-08-02,228.96
2023-08-03,225.47
2023-08-04,227.5
2023-08-05,226.68
2023-08-06,222.96
2023-08-07,237.49
2023-08-08,238.25
2023-08-09,238.58
2023-08-10,231.84
2023-08-11,228.88
2023-08-12,228.49
2023-08-13,228.29
2023-08-14,229.95
2023-08-15,228.68
2023-08-16,208.06
2023-08-17,183.71
2023-08-18,187.24
2023-08-19,186.98
2023-08-20,188.72
2023-08-21,185.63
2023-08-22,184.85
2023-08-23,193.6
2023-08-24,193.91
2023-08-25,191.93
2023-08-26,189.95
2023-08-27,197.61
2023-08-28,190.37
2023-08-29,224.88
2023-08-30,215.72
2023-08-31,207.41
2023-09-01,199.49
2023-09-02,194.93
2023-09-03,196.02
2023-09-04,193.68
2023-09-05,191.88
2023-09-06,193.01
2023-09-07,193.6
2023-09-08,193.02
2023-09-09,192.93
2023-09-10,190.23
2023-09-11,184.08
2023-09-12,198.29
2023-09-13,199.45
2023-09-14,207.71
2023-09-15,216.95
2023-09-16,214.57
2023-09-17,209.87
2023-09-18,217.03
2023-09-19,218.61
2023-09-20,215.34
2023-09-21,208.41
2023-09-22,207.7
2023-09-23,208.05
2023-09-24,204.63
2023-09-25,210.34
2023-09-26,214.59
2023-09-27,229.24
2023-09-28,238.54
2023-09-29,234.8
2023-09-30,233.73
2023-10-01,242.17
2023-10-02,246.16
2023-10-03,230.25
2023-10-04,232.9
2023-10-05,230.83
2023-10-06,230.66
2023-10-07,230.09
2023-10-08,227.62
2023-10-09,218.29
2023-10-10,212.14
2023-10-11,213.94
2023-10-12,213.94
2023-10-13,217.11
2023-10-14,214.38
2023-10-15,215.02
2023-10-16,230.67
2023-10-17,226.23
2023-10-18,226.69
2023-10-19,227.14
2023-10-20,240.25
2023-10-21,243.81
2023-10-22,243.26
2023-10-23,261.78
2023-10-24,251.69
2023-10-25,254.03
2023-10-26,247.1
2023-10-27,239.15
2023-10-28,244.8
2023-10-29,245.83
2023-10-30,245.78
2023-10-31,244.85
2023-11-01,245.33
2023-11-02,235.41
2023-11-03,237.35
2023-11-04,240.29
2023-11-05,237.59
2023-11-06,242.95
2023-11-07,243.91
2023-11-08,245.48
2023-11-09,240.02
2023-11-10,239.72
2023-11-11,236.58
2023-11-12,236.6
2023-11-13,233.9
2023-11-14,231.96
2023-11-15,237.82
2023-11-16,233.92
2023-11-17,229.56
2023-11-18,227.26
2023-11-19,230.14
2023-11-20,226.2
2023-11-21,216.1
2023-11-22,223.58
2023-11-23,225.11
2023-11-24,226.28
2023-11-25,227.56
2023-11-26,226.79
2023-11-27,223.15
2023-11-28,223.36
2023-11-29,223.19
2023-11-30,221.37
2023-12-01,225.18
2023-12-02,228.3
2023-12-03,230.16
2023-12-04,252.44
2023-12-05,251.1
2023-12-06,244.61
2023-12-07,247.02
2023-12-08,253.77
2023-12-09,252.84
2023-12-10,251.35
2023-12-11,230.45
2023-12-12,231.9
2023-12-13,235.22
2023-12-14,237.37
2023-12-15,227.14
2023-12-16,229.77
2023-12-17,225.95
2023-12-18,228.12
2023-12-19,225.17
2023-12-20,229.67
2023-12-21,233.25
2023-12-22,238.37
2023-12-23,232.75
2023-12-24,228.96
2023-12-25,235.01
2023-12-26,229.29
2023-12-27,264.42
2023-12-28,261.79
2023-12-29,254.33
2023-12-30,270.83
2023-12-31,259.79
2024-01-01,268.08
2024-01-02,257.19
2024-01-03,233.85
2024-01-04,239.35
2024-01-05,239.04
2024-01-06,235.97
2024-01-07,232.19
2024-01-08,253.87
2024-01-09,244.65
2024-01-10,254.56
2024-01-11,276.22
2024-01-12,259.15
2024-01-13,253.93
2024-01-14,245.63
2024-01-15,250.03
2024-01-16,250.99
2024-01-17,244.18
2024-01-18,237.63
2024-01-19,236.62
2024-01-20,238.95
2024-01-21,236.89
2024-01-22,235.45
2024-01-23,229.37
2024-01-24,236.12
2024-01-25,236.5
2024-01-26,241.7
2024-01-27,243.56
2024-01-28,236.7
2024-01-29,241.18
2024-01-30,237.32
2024-01-31,234.15
2024-02-01,236.57
2024-02-02,236.18
2024-02-03,240.7
2024-02-04,235.04
2024-02-05,235.56
2024-02-06,235.08
2024-02-07,240.55
2024-02-08,244.47
2024-02-09,250.13
2024-02-10,247.56
2024-02-11,277.62
2024-02-12,280.44
2024-02-13,270.35
2024-02-14,280.66
2024-02-15,270.37
2024-02-16,274.41
2024-02-17,267.08
2024-02-18,270.51
2024-02-19,273.22
2024-02-20,265.3
2024-02-21,263.15
2024-02-22,260.43
2024-02-23,264.87
2024-02-24,267.95
2024-02-25,268.17
2024-02-26,274.98
2024-02-27,293.09
2024-02-28,296.58
2024-02-29,298.0
2024-03-01,316.65
2024-03-02,502.0
2024-03-03,470.87
2024-03-04,473.62
2024-03-05,400.89
2024-03-06,416.04
2024-03-07,432.18
2024-03-08,436.66
2024-03-09,431.86
2024-03-10,422.9
2024-03-11,448.58
2024-03-12,434.19
2024-03-13,442.23
2024-03-14,440.6
2024-03-15,416.52
2024-03-16,388.69
2024-03-17,402.62
2024-03-18,401.04
2024-03-19,358.65
2024-03-20,409.89
2024-03-21,414.46
2024-03-22,431.36
2024-03-23,456.3
2024-03-24,485.46
2024-03-25,487.76
2024-03-26,479.72
2024-03-27,539.46
2024-03-28,568.22
2024-03-29,621.24
2024-03-30,598.16
2024-03-31,679.58
2024-04-01,648.33
2024-04-02,639.75
2024-04-03,593.08
2024-04-04,666.07
2024-04-05,657.87
2024-04-06,694.35
2024-04-07,685.14
2024-04-08,681.65
2024-04-09,672.02
2024-04-10,628.75
2024-04-11,613.79
2024-04-12,532.69
2024-04-13,479.26
2024-04-14,525.0
2024-04-15,507.52
2024-04-16,486.07
2024-04-17,463.33
2024-04-18,482.55
2024-04-19,476.29
2024-04-20,514.9
2024-04-21,501.69
2024-04-22,522.38
2024-04-23,504.65
2024-04-24,478.86
2024-04-25,477.75
2024-04-26,482.32
2024-04-27,476.68
2024-04-28,470.31
2024-04-29,464.73
2024-04-30,433.58
2024-05-01,424.24
2024-05-02,428.76
2024-05-03,452.18
2024-05-04,462.67
2024-05-05,468.59
2024-05-06,472.81
2024-05-07,470.57
2024-05-08,447.81
2024-05-09,454.39
2024-05-10,426.21
2024-05-11,429.31
2024-05-12,432.67
2024-05-13,437.28
2024-05-14,428.67
2024-05-15,463.46
2024-05-16,444.45
2024-05-17,466.25
2024-05-18,474.93
2024-05-19,484.53
2024-05-20,517.73
2024-05-21,514.53
2024-05-22,498.37
2024-05-23,490.8
2024-05-24,494.49
2024-05-25,493.23
2024-05-26,483.8
2024-05-27,489.36
2024-05-28,469.9
2024-05-29,465.53
2024-05-30,464.83
2024-05-31,454.56
2024-06-01,463.27
2024-06-02,457.92
2024-06-03,464.53
2024-06-04,476.78
2024-06-05,495.01
2024-06-06,495.91
2024-06-07,477.3
2024-06-08,469.1
2024-06-09,474.34
2024-06-10,468.84
2024-06-11,445.8
2024-06-12,453.93
2024-06-13,431.43
2024-06-14,422.37
2024-06-15,429.79
2024-06-16,428.18
2024-06-17,419.32
2024-06-18,389.0
2024-06-19,388.71
2024-06-20,389.67
2024-06-21,382.8
2024-06-22,391.87
2024-06-23,380.66
2024-06-24,363.59
2024-06-25,388.35
2024-06-26,373.58
2024-06-27,388.89
2024-06-28,385.78
2024-06-29,380.62
2024-06-30,393.76
2024-07-01,384.15
2024-07-02,381.79
2024-07-03,372.96
2024-07-04,331.12
2024-07-05,325.09
2024-07-06,342.64
2024-07-07,312.44
2024-07-08,333.07
2024-07-09,330.86
2024-07-10,340.15
2024-07-11,346.86
2024-07-12,368.73
2024-07-13,375.43
2024-07-14,376.25
2024-07-15,399.86
2024-07-16,386.56
2024-07-17,375.0
2024-07-18,382.49
2024-07-19,391.22
2024-07-20,395.1
2024-07-21,400.98
2024-07-22,385.48
2024-07-23,366.11
2024-07-24,362.11
2024-07-25,361.18
2024-07-26,377.0
2024-07-27,392.28
2024-07-28,416.53
2024-07-29,438.79
2024-07-30,432.24
2024-07-31,413.82
2024-08-01,412.96
2024-08-02,381.25
2024-08-03,364.01
2024-08-04,332.04
2024-08-05,309.51
2024-08-06,314.62
2024-08-07,312.17
2024-08-08,352.95
2024-08-09,347.45
2024-08-10,354.65
2024-08-11,329.99
2024-08-12,354.57
2024-08-13,351.43
2024-08-14,337.53
2024-08-15,333.9
2024-08-16,337.77
2024-08-17,340.92
2024-08-18,332.85
2024-08-19,337.6
2024-08-20,335.04
2024-08-21,349.24
2024-08-22,346.47
2024-08-23,364.95
2024-08-24,363.37
2024-08-25,356.08
2024-08-26,342.02
2024-08-27,323.73
2024-08-28,321.77
2024-08-29,322.26
2024-08-30,324.77
2024-08-31,322.06
2024-09-01,312.31
2024-09-02,323.48
2024-09-03,308.63
2024-09-04,315.03
2024-09-05,307.27
2024-09-06,294.77
2024-09-07,299.14
2024-09-08,305.04
2024-09-09,322.08
2024-09-10,329.27
2024-09-11,337.33
2024-09-12,332.74
2024-09-13,335.3
2024-09-14,326.85
2024-09-15,316.1
2024-09-16,311.57
2024-09-17,313.99
2024-09-18,326.8
2024-09-19,339.86
2024-09-20,335.62
2024-09-21,345.23
2024-09-22,342.43
2024-09-23,341.69
2024-09-24,347.63
2024-09-25,343.17
2024-09-26,351.65
2024-09-27,358.53
2024-09-28,352.09
2024-09-29,352.36
2024-09-30,336.89
2024-10-01,317.42
2024-10-02,315.8
2024-10-03,320.18
2024-10-04,324.58
2024-10-05,321.64
2024-10-06,324.29
2024-10-07,323.45
2024-10-08,328.89
2024-10-09,320.35
2024-10-10,322.73
2024-10-11,326.77
2024-10-12,329.06
2024-10-13,321.12
2024-10-14,369.38
2024-10-15,354.15
2024-10-16,365.18
2024-10-17,369.41
2024-10-18,366.77
2024-10-19,363.07
2024-10-20,369.75
2024-10-21,363.34
2024-10-22,357.01
2024-10-23,347.73
2024-10-24,367.78
2024-10-25,348.81
2024-10-26,347.69
2024-10-27,351.87
2024-10-28,365.15
2024-10-29,386.1
2024-10-30,368.69
2024-10-31,358.58
2024-11-01,349.32
2024-11-02,353.48
2024-11-03,339.65
2024-11-04,328.95
2024-11-05,342.5
2024-11-06,378.28
2024-11-07,377.51
2024-11-08,376.79
2024-11-09,404.84
2024-11-10,441.26
2024-11-11,472.7
2024-11-12,432.32
2024-11-13,439.44
2024-11-14,414.81
2024-11-15,431.51
2024-11-16,462.14
2024-11-17,432.64
2024-11-18,452.77
2024-11-19,447.0
2024-11-20,440.18
2024-11-21,484.72
2024-11-22,490.63
2024-11-23,510.23
2024-11-24,515.16
2024-11-25,492.01
2024-11-26,492.64
2024-11-27,517.8
2024-11-28,511.12
2024-11-29,518.32
2024-11-30,526.44
2024-12-01,532.65
2024-12-02,538.74
2024-12-03,586.23
2024-12-04,584.01
2024-12-05,589.04
2024-12-06,619.38
2024-12-07,608.17
2024-12-08,622.96
2024-12-09,551.2
2024-12-10,515.87
2024-12-11,546.34
2024-12-12,540.06
2024-12-13,542.33
2024-12-14,533.79
2024-12-15,546.18
2024-12-16,538.19
2024-12-17,529.79
2024-12-18,479.93
2024-12-19,438.33
2024-12-20,448.99
2024-12-21,455.77
2024-12-22,445.66
2024-12-23,460.79
2024-12-24,470.02
2024-12-25,465.12
2024-12-26,437.08
2024-12-27,440.98
2024-12-28,451.4
2024-12-29,438.8
2024-12-30,443.89
2024-12-31,434.36
2025-01-01,450.34
2025-01-02,461.63
2025-01-03,473.74
2025-01-04,478.84
2025-01-05,470.94
2025-01-06,482.8
2025-01-07,436.7
2025-01-08,434.02
2025-01-09,421.72
2025-01-10,449.68
2025-01-11,440.82
2025-01-12,447.75
2025-01-13,427.67
2025-01-14,437.71
2025-01-15,460.15
2025-01-16,461.55
2025-01-17,489.33
2025-01-18,466.15
2025-01-19,427.57
2025-01-20,430.66
2025-01-21,446.44
2025-01-22,435.27
2025-01-23,437.29
2025-01-24,431.76
2025-01-25,445.33
2025-01-26,424.87
2025-01-27,427.4
2025-01-28,410.34
2025-01-29,414.73
2025-01-30,434.72
2025-01-31,424.11
2025-02-01,403.69
2025-02-02,360.4
2025-02-03,352.87
2025-02-04,329.52
2025-02-05,327.79
2025-02-06,315.91
2025-02-07,318.37
2025-02-08,322.87
2025-02-09,324.26
2025-02-10,329.09
2025-02-11,331.17
2025-02-12,342.99
2025-02-13,334.81
2025-02-14,341.36
2025-02-15,332.73
2025-02-16,326.04
2025-02-17,323.68
2025-02-18,315.94
2025-02-19,322.44
2025-02-20,325.68
2025-02-21,313.56
2025-02-22,320.8
2025-02-23,327.64
2025-02-24,291.33
2025-02-25,291.67
2025-02-26,293.78
2025-02-27,296.66
2025-02-28,315.58
2025-03-01,311.3
2025-03-02,334.08
2025-03-03,321.16
2025-03-04,320.64
2025-03-05,392.15
2025-03-06,394.71
2025-03-07,388.87
2025-03-08,385.63
2025-03-09,357.3
2025-03-10,331.58
2025-03-11,340.07
2025-03-12,353.69
2025-03-13,325.65
2025-03-14,331.19
2025-03-15,342.12
2025-03-16,332.68
2025-03-17,337.19
2025-03-18,335.03
2025-03-19,345.03
2025-03-20,333.41
2025-03-21,322.89
2025-03-22,322.08
2025-03-23,325.2
2025-03-24,332.32
2025-03-25,335.82
2025-03-26,335.0
2025-03-27,324.44
2025-03-28,307.23
2025-03-29,303.1
2025-03-30,298.89
2025-03-31,303.29
2025-04-01,308.01
2025-04-02,292.8
2025-04-03,301.03
2025-04-04,301.16
2025-04-05,303.84
2025-04-06,272.09
2025-04-07,275.25
2025-04-08,269.07
2025-04-09,301.33
2025-04-10,289.66
2025-04-11,312.67
2025-04-12,344.43
2025-04-13,342.5
2025-04-14,323.36
2025-04-15,319.39
2025-04-16,321.36
2025-04-17,333.75
2025-04-18,334.78
2025-04-19,335.16
2025-04-20,335.95
2025-04-21,344.88
2025-04-22,362.05
2025-04-23,358.04
2025-04-24,356.55
2025-04-25,372.91
2025-04-26,354.95
2025-04-27,345.24
2025-04-28,363.99
2025-04-29,363.58
2025-04-30,365.79
2025-05-01,360.35
2025-05-02,382.33
2025-05-03,362.23
2025-05-04,355.64
2025-05-05,352.83
2025-05-06,374.39
2025-05-07,383.45
2025-05-08,421.49
2025-05-09,413.34
2025-05-10,430.8
2025-05-11,407.93
2025-05-12,410.38
2025-05-13,410.77
2025-05-14,402.25
2025-05-15,395.64
2025-05-16,395.5
2025-05-17,391.79
2025-05-18,406.32
2025-05-19,392.34
2025-05-20,393.91
2025-05-21,406.78
2025-05-22,443.98
2025-05-23,426.19
2025-05-24,421.09
2025-05-25,422.32
2025-05-26,415.1
2025-05-27,414.28
2025-05-28,424.58
2025-05-29,409.3
2025-05-30,398.17
2025-05-31,414.7
2025-06-01,403.07
2025-06-02,403.42
2025-06-03,400.52
2025-06-04,399.95
2025-06-05,384.88
2025-06-06,395.47
2025-06-07,409.05
2025-06-08,410.62
2025-06-09,424.77
2025-06-10,438.04
2025-06-11,428.44
2025-06-12,423.62
2025-06-13,448.58
2025-06-14,430.65
2025-06-15,460.17
2025-06-16,463.48
2025-06-17,462.49
2025-06-18,459.43
2025-06-19,496.99
2025-06-20,473.55
2025-06-21,467.0
2025-06-22,454.37
2025-06-23,462.02
2025-06-24,453.47
2025-06-25,482.58
2025-06-26,488.65
2025-06-27,504.4
2025-06-28,490.75
2025-06-29,504.23
2025-06-30,505.46
2025-07-01,499.87
2025-07-02,510.44
2025-07-03,496.05
2025-07-04,483.64
2025-07-05,488.93
2025-07-06,491.2
2025-07-07,496.24
2025-07-08,500.73
2025-07-09,514.25
2025-07-10,518.22
2025-07-11,531.38
2025-07-12,505.85
2025-07-13,507.61
2025-07-14,504.48
2025-07-15,497.31
2025-07-16,498.55
2025-07-17,499.59
2025-07-18,514.34
2025-07-19,513.0
2025-07-20,548.16
2025-07-21,522.48
2025-07-22,526.14
2025-07-23,511.76
2025-07-24,513.05
2025-07-25,557.35
2025-07-26,559.31
2025-07-27,589.94
2025-07-28,572.44
2025-07-29,564.05
2025-07-30,589.53
2025-07-31,561.22
2025-08-01,535.8
2025-08-02,519.92
2025-08-03,544.05
2025-08-04,574.27
2025-08-05,551.41
2025-08-06,570.85
2025-08-07,581.9
2025-08-08,585.89
2025-08-09,565.92
2025-08-10,570.24
2025-08-11,578.49
2025-08-12,619.11
2025-08-13,616.26
2025-08-14,593.05
2025-08-15,592.26
2025-08-16,587.2
2025-08-17,581.86
2025-08-18,568.64
2025-08-19,548.15
2025-08-20,560.64
2025-08-21,554.39
2025-08-22,599.78
2025-08-23,591.25
2025-08-24,583.03
2025-08-25,543.34
2025-08-26,550.61
2025-08-27,550.08
2025-08-28,557.56
2025-08-29,530.57
2025-08-30,552.45
2025-08-31,543.94
2025-09-01,544.91
2025-09-02,584.35
2025-09-03,603.3
2025-09-04,586.33
2025-09-05,606.55
2025-09-06,594.89
2025-09-07,602.95
2025-09-08,587.95
2025-09-09,580.05
2025-09-10,580.57
2025-09-11,596.33
2025-09-12,598.31
2025-09-13,598.52
2025-09-14,601.13
2025-09-15,593.35
2025-09-16,598.51
2025-09-17,616.43
2025-09-18,624.09
2025-09-19,600.38
2025-09-20,594.3
2025-09-21,593.43
2025-09-22,566.78
2025-09-23,556.44
2025-09-24,556.05
2025-09-25,536.17
2025-09-26,547.82
2025-09-27,543.48
2025-09-28,555.99
2025-09-29,560.63
2025-09-30,560.25
2025-10-01,592.57
2025-10-02,593.98
2025-10-03,608.0
2025-10-04,589.67
2025-10-05,593.99
2025-10-06,598.57
2025-10-07,576.08
2025-10-08,583.02
2025-10-09,579.55
2025-10-10,512.97
2025-10-11,499.58
2025-10-12,540.19
2025-10-13,546.19
2025-10-14,537.72
2025-10-15,521.9
2025-10-16,504.46
2025-10-17,469.51
2025-10-18,468.02
2025-10-19,472.21
2025-10-20,478.47
2025-10-21,480.5
2025-10-22,472.9
2025-10-23,479.9
2025-10-24,502.98
2025-10-25,507.56
2025-10-26,558.8
2025-10-27,555.27
2025-10-28,557.14
2025-10-29,555.22
2025-10-30,540.8
2025-10-31,534.53
2025-11-01,553.67
2025-11-02,536.4
2025-11-03,505.44
2025-11-04,479.73
2025-11-05,488.69
2025-11-06,472.53
2025-11-07,512.0
2025-11-08,495.4
2025-11-09,503.21
2025-11-10,517.05
2025-11-11,505.29
2025-11-12,506.83
2025-11-13,508.98
2025-11-14,479.28
2025-11-15,502.1
2025-11-16,483.07
2025-11-17,490.33
2025-11-18,522.72
2025-11-19,486.05
2025-11-20,480.2
2025-11-21,533.33
2025-11-22,556.12
2025-11-23,539.07
2025-11-24,549.03
2025-11-25,526.85
2025-11-26,543.28
2025-11-27,532.53
2025-11-28,548.3
2025-11-29,521.11
2025-11-30,540.47
2025-12-01,522.65
2025-12-02,545.13
2025-12-03,590.16
2025-12-04,574.5
2025-12-05,559.2
2025-12-06,583.16
2025-12-07,598.03
2025-12-08,578.77
2025-12-09,584.27
2025-12-10,572.35
2025-12-11,573.93
2025-12-12,581.33
2025-12-13,579.61
2025-12-14,557.84
2025-12-15,535.44
2025-12-16,545.72
2025-12-17,546.18
2025-12-18,565.34
2025-12-19,624.29
2025-12-20,591.72
2025-12-21,590.76
2025-12-22,589.99
2025-12-23,572.02
2025-12-24,568.31
2025-12-25,589.4
2025-12-26,594.57
2025-12-27,622.9
2025-12-28,621.95
2025-12-29,598.75
2025-12-30,595.57
2025-12-31,599.15
2026-01-01,592.87
2026-01-02,609.61
2026-01-03,654.19
2026-01-04,638.7
2026-01-05,644.95
2026-01-06,637.81
2026-01-07,628.91
2026-01-08,631.75
2026-01-09,634.37
2026-01-10,643.47
2026-01-11,648.49
2026-01-12,621.14
2026-01-13,616.65
2026-01-14,596.96
2026-01-15,590.37
2026-01-16,598.99
2026-01-17,593.78
2026-01-18,591.12
2026-01-19,583.59
2026-01-20,572.63
2026-01-21,584.38
2026-01-22,598.64
2026-01-23,595.22
2026-01-24,593.21
2026-01-25,571.79
2026-01-26,578.17
2026-01-27,599.74
2026-01-28,590.87
2026-01-29,553.69
2026-01-30,552.92
2026-01-31,507.09
2026-02-01,515.84
2026-02-02,539.29
2026-02-03,526.62
2026-02-04,532.13
2026-02-05,453.47
2026-02-06,522.93
2026-02-07,524.92
2026-02-08,526.64
2026-02-09,532.66
2026-02-10,524.06
2026-02-11,515.72
2026-02-12,502.85
2026-02-13,563.74
2026-02-14,562.51
2026-02-15,553.32
2026-02-16,568.73
2026-02-17,563.06
2026-02-18,557.44
2026-02-19,559.92
2026-02-20,562.05
2026-02-21,563.76
2026-02-22,570.37
2026-02-23,495.27
2026-02-24,484.2
2026-02-25,492.42
2026-02-26,500.56
