DATETIME,CARRY,CARRY_CONTRACT,PRICE,PRICE_CONTRACT,FORWARD,FORWARD_CONTRACT
2023-05-05,0.0037324183458333333,21000100,0.0037211,20991200,0.0037211,21000200
2023-05-06,0.0026052522601666666,21000100,0.00262,20991200,0.00262,21000200
2023-05-07,0.002759007400881667,21000100,0.0027902,20991200,0.0027902,21000200
2023-05-08,0.00194695946835,21000100,0.0019464,20991200,0.0019464,21000200
2023-05-09,0.002013513150075,21000100,0.0020063,20991200,0.0020063,21000200
2023-05-10,0.0018690823970041665,21000100,0.0019195,20991200,0.0019195,21000200
2023-05-11,0.0014053082170804167,21000100,0.0013931,20991200,0.0013931,21000200
2023-05-12,0.0017384441459583333,21000100,0.0017444,20991200,0.0017444,21000200
2023-05-13,0.0015926085887812498,21000100,0.0018575,20991200,0.0018575,21000200
2023-05-14,0.00153640440152375,21000100,0.0017853,20991200,0.0017853,21000200
2023-05-15,0.0016394423194741666,21000100,0.0017318,20991200,0.0017318,21000200
2023-05-16,0.0015710078715375,21000100,0.0016643,20991200,0.0016643,21000200
2023-05-17,0.0015279228054187498,21000100,0.0015735,20991200,0.0015735,21000200
2023-05-18,0.0015544774300675001,21000100,0.0015789,20991200,0.0015789,21000200
2023-05-19,0.0015218340102375,21000100,0.001523,20991200,0.001523,21000200
2023-05-20,0.0017268265477687502,21000100,0.0017145,20991200,0.0017145,21000200
2023-05-21,0.00161096715,21000100,0.0015964,20991200,0.0015964,21000200
2023-05-22,0.0015312379219083335,21000100,0.0015302,20991200,0.0015302,21000200
2023-05-23,0.001586356102426667,21000100,0.0015916,20991200,0.0015916,21000200
2023-05-24,0.0014221507056808333,21000100,0.0014333,20991200,0.0014333,21000200
2023-05-25,0.0014336465259737502,21000100,0.0014289,20991200,0.0014289,21000200
2023-05-26,0.0014590672329158332,21000100,0.0014518,20991200,0.0014518,21000200
2023-05-27,0.0015269070375000002,21000100,0.0015131,20991200,0.0015131,21000200
2023-05-28,0.0015087427875,21000100,0.0014951,20991200,0.0014951,21000200
2023-05-29,0.0014489016750000002,21000100,0.0014358,20991200,0.0014358,21000200
2023-05-30,0.0013053031875,21000100,0.0012935,20991200,0.0012935,21000200
2023-05-31,0.0012685964849999999,21000100,0.0012636,20991200,0.0012636,21000200
2023-06-01,0.001256764275,21000100,0.0012454,20991200,0.0012454,21000200
2023-06-02,0.0013016613896720832,21000100,0.0012821,20991200,0.0012821,21000200
2023-06-03,0.0013067159625000002,21000100,0.0012949,20991200,0.0012949,21000200
2023-06-04,0.00127614182928,21000100,0.0012384,20991200,0.0012384,21000200
2023-06-05,0.0010570792769295833,21000100,0.0010333,20991200,0.0010333,21000200
2023-06-06,0.001217610225,21000100,0.0012066,20991200,0.0012066,21000200
2023-06-07,0.0010825893,21000100,0.0010728,20991200,0.0010728,21000200
2023-06-08,0.0010931851125,21000100,0.0010833,20991200,0.0010833,21000200
2023-06-09,0.0011440450125000002,21000100,0.0011337,20991200,0.0011337,21000200
2023-06-10,0.0009249390449933333,21000100,0.0009292,20991200,0.0009292,21000200
2023-06-11,0.0009063551046595834,21000100,0.0009119,20991200,0.0009119,21000200
2023-06-12,0.0009063892189,21000100,0.0009042,20991200,0.0009042,21000200
2023-06-13,0.0009224202685541666,21000100,0.000917,20991200,0.000917,21000200
2023-06-14,0.0008926554863500001,21000100,0.0008852,20991200,0.0008852,21000200
2023-06-15,0.0008947800161554166,21000100,0.0008969,20991200,0.0008969,21000200
2023-06-16,0.0009708841992541665,21000100,0.0009655,20991200,0.0009655,21000200
2023-06-17,0.0010094277375000001,21000100,0.0010003,20991200,0.0010003,21000200
2023-06-18,0.0009458528625,21000100,0.0009373,20991200,0.0009373,21000200
2023-06-19,0.0009560980059583333,21000100,0.000949,20991200,0.000949,21000200
2023-06-20,0.0010678532423075,21000100,0.0010691,20991200,0.0010691,21000200
2023-06-21,0.001393197975,21000100,0.0013806,20991200,0.0013806,21000200
2023-06-22,0.0015573826125,21000100,0.0015433,20991200,0.0015433,21000200
2023-06-23,0.0016669735875,21000100,0.0016519,20991200,0.0016519,21000200
2023-06-24,0.00155066618876,21000100,0.0015531,20991200,0.0015531,21000200
2023-06-25,0.001614867219245,21000100,0.0016044,20991200,0.0016044,21000200
2023-06-26,0.001522365975,21000100,0.0015086,20991200,0.0015086,21000200
2023-06-27,0.0016327642500000002,21000100,0.001618,20991200,0.001618,21000200
2023-06-28,0.001433562975,21000100,0.0014206,20991200,0.0014206,21000200
2023-06-29,0.0015559698375,21000100,0.0015419,20991200,0.0015419,21000200
2023-06-30,0.0016362961874999999,21000100,0.0016215,20991200,0.0016215,21000200
2023-07-01,0.0015693912000000001,21000100,0.0015552,20991200,0.0015552,21000200
2023-07-02,0.001598655825,21000100,0.0015842,20991200,0.0015842,21000200
2023-07-03,0.0018510379875000002,21000100,0.0018343,20991200,0.0018343,21000200
2023-07-04,0.0017281265625,21000100,0.0017125,20991200,0.0017125,21000200
2023-07-05,0.0016603945076800002,21000100,0.0016512,20991200,0.0016512,21000200
2023-07-06,0.0015388416199958333,21000100,0.0015395,20991200,0.0015395,21000200
2023-07-07,0.0015424863377641665,21000100,0.0015638,20991200,0.0015638,21000200
2023-07-08,0.0015556322153608335,21000100,0.0015518,20991200,0.0015518,21000200
2023-07-09,0.001557887175,21000100,0.0015438,20991200,0.0015438,21000200
2023-07-10,0.0015140892560000002,21000100,0.0015135,20991200,0.0015135,21000200
2023-07-11,0.00150447618547625,21000100,0.0015001,20991200,0.0015001,21000200
2023-07-12,0.0015193386,21000100,0.0015056,20991200,0.0015056,21000200
2023-07-13,0.00171031181544,21000100,0.0017128,20991200,0.0017128,21000200
2023-07-14,0.0017144846978325002,21000100,0.0016398,20991200,0.0016398,21000200
2023-07-15,0.0016546587647216667,21000100,0.0016438,20991200,0.0016438,21000200
2023-07-16,0.0015870508875000001,21000100,0.0015727,20991200,0.0015727,21000200
2023-07-17,0.0015791886132699997,21000100,0.0015748,20991200,0.0015748,21000200
2023-07-18,0.001524642577103333,21000100,0.0015148,20991200,0.0015148,21000200
2023-07-19,0.00153831015,21000100,0.0015244,20991200,0.0015244,21000200
2023-07-20,0.0015165130500000002,21000100,0.0015028,20991200,0.0015028,21000200
2023-07-21,0.0015348197806333333,21000100,0.001522,20991200,0.001522,21000200
2023-07-22,0.0015035962500000001,21000100,0.00149,20991200,0.00149,21000200
2023-07-23,0.0015174212625,21000100,0.0015037,20991200,0.0015037,21000200
2023-07-24,0.0013457492757562501,21000100,0.0013465,20991200,0.0013465,21000200
2023-07-25,0.0013017386521124998,21000100,0.0013053,20991200,0.0013053,21000200
2023-07-26,0.0013324890566724999,21000100,0.0013318,20991200,0.0013318,21000200
2023-07-27,0.001332617307015,21000100,0.0013428,20991200,0.0013428,21000200
2023-07-28,0.00132852964517125,21000100,0.0013357,20991200,0.0013357,21000200
2023-07-29,0.00135755109237,21000100,0.0013464,20991200,0.0013464,21000200
2023-07-30,0.0013015717716208333,21000100,0.0012946,20991200,0.0012946,21000200
2023-07-31,0.0012445810964725002,21000100,0.0012378,20991200,0.0012378,21000200
2023-08-01,0.00128675483288125,21000100,0.0013021,20991200,0.0013021,21000200
2023-08-02,0.001226243141025,21000100,0.0012185,20991200,0.0012185,21000200
2023-08-03,0.0012061872548733332,21000100,0.0011981,20991200,0.0011981,21000200
2023-08-04,0.0011627383524583333,21000100,0.001154,20991200,0.001154,21000200
2023-08-05,0.0011490509214800001,21000100,0.0011528,20991200,0.0011528,21000200
2023-08-06,0.0011673558,21000100,0.0011568,20991200,0.0011568,21000200
2023-08-07,0.0011262844125,21000100,0.0011161,20991200,0.0011161,21000200
2023-08-08,0.0011861255250000002,21000100,0.0011754,20991200,0.0011754,21000200
2023-08-09,0.0012421319625,21000100,0.0012309,20991200,0.0012309,21000200
2023-08-10,0.0012443520375,21000100,0.0012331,20991200,0.0012331,21000200
2023-08-11,0.001250982628285,21000100,0.0012459,20991200,0.0012459,21000200
2023-08-12,0.0013645388250000002,21000100,0.0013522,20991200,0.0013522,21000200
2023-08-13,0.0013772538,21000100,0.0013648,20991200,0.0013648,21000200
2023-08-14,0.0014176188,21000100,0.0014048,20991200,0.0014048,21000200
2023-08-15,0.0012792677625000002,21000100,0.0012677,20991200,0.0012677,21000200
2023-08-16,0.0011757315375000002,21000100,0.0011651,20991200,0.0011651,21000200
2023-08-17,0.0010892112179833333,21000100,0.0010795,20991200,0.0010795,21000200
2023-08-18,0.0010803281619316668,21000100,0.0010892,20991200,0.0010892,21000200
2023-08-19,0.00112954105284,21000100,0.0011344,20991200,0.0011344,21000200
2023-08-20,0.0011153768147870835,21000100,0.0011173,20991200,0.0011173,21000200
2023-08-21,0.0010923640003125,21000100,0.0010858,20991200,0.0010858,21000200
2023-08-22,0.0010759418792975,21000100,0.0010723,20991200,0.0010723,21000200
2023-08-23,0.0011100666990129166,21000100,0.0011041,20991200,0.0011041,21000200
2023-08-24,0.0009500911875,21000100,0.0009415,20991200,0.0009415,21000200
2023-08-25,0.0008531359464334397,21000100,0.0008818,20991200,0.0008818,21000200
2023-08-26,0.0008346215697111467,21000100,0.0008669,20991200,0.0008669,21000200
2023-08-27,0.0008698080634,21000100,0.0008956,20991200,0.0008956,21000200
2023-08-28,0.00086307707497125,21000100,0.0008577,20991200,0.0008577,21000200
2023-08-29,0.0008668116847725001,21000100,0.0008951,20991200,0.0008951,21000200
2023-08-30,0.0008751132000000001,21000100,0.0008672,20991200,0.0008672,21000200
2023-08-31,0.0008070972426120833,21000100,0.0008033,20991200,0.0008033,21000200
2023-09-01,0.0007653267244074999,21000100,0.0007746,20991200,0.0007746,21000200
2023-09-02,0.00077760621645,21000100,0.0007838,20991200,0.0007838,21000200
2023-09-03,0.00080751339844,21000100,0.0008022,20991200,0.0008022,21000200
2023-09-04,0.0008048781,21000100,0.0007976,20991200,0.0007976,21000200
2023-09-05,0.00081012555,21000100,0.0008028,20991200,0.0008028,21000200
2023-09-06,0.0007998658768166668,21000100,0.000796,20991200,0.000796,21000200
2023-09-07,0.0008155748250000001,21000100,0.0008082,20991200,0.0008082,21000200
2023-09-08,0.0008037680625,21000100,0.0007965,20991200,0.0007965,21000200
2023-09-09,0.00079438180167,21000100,0.0007857,20991200,0.0007857,21000200
2023-09-10,0.00069976514342875,21000100,0.0007069,20991200,0.0007069,21000200
2023-09-11,0.0006653153012,21000100,0.0006688,20991200,0.0006688,21000200
2023-09-12,0.0006757439104425001,21000100,0.0006714,20991200,0.0006714,21000200
2023-09-13,0.0006737671105333334,21000100,0.000674,20991200,0.000674,21000200
2023-09-14,0.000687119848,21000100,0.0006828,20991200,0.0006828,21000200
2023-09-15,0.0006862006965916666,21000100,0.0006839,20991200,0.0006839,21000200
2023-09-16,0.00068176485,21000100,0.0006756,20991200,0.0006756,21000200
2023-09-17,0.0006268678362375,21000100,0.000627,20991200,0.000627,21000200
2023-09-18,0.00061463896416,21000100,0.0006264,20991200,0.0006264,21000200
2023-09-19,0.0006426880146866667,21000100,0.0006424,20991200,0.0006424,21000200
2023-09-20,0.0006328164533945834,21000100,0.0006283,20991200,0.0006283,21000200
2023-09-21,0.0006164970200291666,21000100,0.0006115,20991200,0.0006115,21000200
2023-09-22,0.00071515554051,21000100,0.0007144,20991200,0.0007144,21000200
2023-09-23,0.000683581275,21000100,0.0006774,20991200,0.0006774,21000200
2023-09-24,0.0006859511692733334,21000100,0.0006758,20991200,0.0006758,21000200
2023-09-25,0.0007168824000000001,21000100,0.0007104,20991200,0.0007104,21000200
2023-09-26,0.0007012409625000001,21000100,0.0006949,20991200,0.0006949,21000200
2023-09-27,0.0007427189459333334,21000100,0.0007354,20991200,0.0007354,21000200
2023-09-28,0.00073958477675625,21000100,0.0007335,20991200,0.0007335,21000200
2023-09-29,0.0007981169625,21000100,0.0007909,20991200,0.0007909,21000200
2023-09-30,0.0008052817500000001,21000100,0.000798,20991200,0.000798,21000200
2023-10-01,0.0008217304875,21000100,0.0008143,20991200,0.0008143,21000200
2023-10-02,0.00074957805,21000100,0.0007428,20991200,0.0007428,21000200
2023-10-03,0.00071327285526,21000100,0.0007224,20991200,0.0007224,21000200
2023-10-04,0.0007228659820200001,21000100,0.0007176,20991200,0.0007176,21000200
2023-10-05,0.0006983579806541666,21000100,0.000701,20991200,0.000701,21000200
2023-10-06,0.0007307074125,21000100,0.0007241,20991200,0.0007241,21000200
2023-10-07,0.0007081391160999999,21000100,0.000708,20991200,0.000708,21000200
2023-10-08,0.0007168884873749999,21000100,0.0007155,20991200,0.0007155,21000200
2023-10-09,0.0006603643541754166,21000100,0.0006649,20991200,0.0006649,21000200
2023-10-10,0.0006440128938316666,21000100,0.0006452,20991200,0.0006452,21000200
2023-10-11,0.00063887494965,21000100,0.0006354,20991200,0.0006354,21000200
2023-10-12,0.0006292521719933334,21000100,0.0006256,20991200,0.0006256,21000200
2023-10-13,0.0006472533124791668,21000100,0.0006455,20991200,0.0006455,21000200
2023-10-14,0.0006466634521791666,21000100,0.0006449,20991200,0.0006449,21000200
2023-10-15,0.0006661974397866666,21000100,0.0006656,20991200,0.0006656,21000200
2023-10-16,0.0006794438625000001,21000100,0.0006733,20991200,0.0006733,21000200
2023-10-17,0.0006355048974199999,21000100,0.0006351,20991200,0.0006351,21000200
2023-10-18,0.0006252698359308334,21000100,0.0006307,20991200,0.0006307,21000200
2023-10-19,0.00062386239795,21000100,0.000627,20991200,0.000627,21000200
2023-10-20,0.0006623896500000001,21000100,0.0006564,20991200,0.0006564,21000200
2023-10-21,0.000704571075,21000100,0.0006982,20991200,0.0006982,21000200
2023-10-22,0.0007541191125,21000100,0.0007473,20991200,0.0007473,21000200
2023-10-23,0.0010146751875000002,21000100,0.0010055,20991200,0.0010055,21000200
2023-10-24,0.0009338442750000001,21000100,0.0009254,20991200,0.0009254,21000200
2023-10-25,0.0012202068959112499,21000100,0.0012077,20991200,0.0012077,21000200
2023-10-26,0.00130019097921875,21000100,0.0012849,20991200,0.0012849,21000200
2023-10-27,0.00117814806443,21000100,0.0011624,20991200,0.0011624,21000200
2023-10-28,0.0011722034528645834,21000100,0.0011425,20991200,0.0011425,21000200
2023-10-29,0.0011675196949120835,21000100,0.0011473,20991200,0.0011473,21000200
2023-10-30,0.0011996449786050001,21000100,0.0011724,20991200,0.0011724,21000200
2023-10-31,0.0011591852963833333,21000100,0.0011465,20991200,0.0011465,21000200
2023-11-01,0.00120239827578375,21000100,0.0011867,20991200,0.0011867,21000200
2023-11-02,0.0011323096539433333,21000100,0.0010919,20991200,0.0010919,21000200
2023-11-03,0.00109175214472,21000100,0.0010788,20991200,0.0010788,21000200
2023-11-04,0.0011440812744087502,21000100,0.0011171,20991200,0.0011171,21000200
2023-11-05,0.0011394429775833334,21000100,0.0011225,20991200,0.0011225,21000200
2023-11-06,0.00125505506060625,21000100,0.0012085,20991200,0.0012085,21000200
2023-11-07,0.00121686553672125,21000100,0.0011661,20991200,0.0011661,21000200
2023-11-08,0.0012228696070433333,21000100,0.0011849,20991200,0.0011849,21000200
2023-11-09,0.0014054908871116666,21000100,0.0013343,20991200,0.0013343,21000200
2023-11-10,0.001365114703665,21000100,0.0013437,20991200,0.0013437,21000200
2023-11-11,0.0013273995916124998,21000100,0.0012774,20991200,0.0012774,21000200
2023-11-12,0.0012692148645020835,21000100,0.0012271,20991200,0.0012271,21000200
2023-11-13,0.00120376778893,21000100,0.0011634,20991200,0.0011634,21000200
2023-11-14,0.001162713825,21000100,0.0011522,20991200,0.0011522,21000200
2023-11-15,0.001282277926875,21000100,0.0012562,20991200,0.0012562,21000200
2023-11-16,0.0011927164008166667,21000100,0.001142,20991200,0.001142,21000200
2023-11-17,0.0011630165625000001,21000100,0.0011525,20991200,0.0011525,21000200
2023-11-18,0.0011589800625,21000100,0.0011485,20991200,0.0011485,21000200
2023-11-19,0.0012182558578162498,21000100,0.0011913,20991200,0.0011913,21000200
2023-11-20,0.00116506942142,21000100,0.0011311,20991200,0.0011311,21000200
2023-11-21,0.0010435361625,21000100,0.0010341,20991200,0.0010341,21000200
2023-11-22,0.001117101375,21000100,0.001107,20991200,0.001107,21000200
2023-11-23,0.0010896344308837498,21000100,0.0010691,20991200,0.0010691,21000200
2023-11-24,0.0011263461264091666,21000100,0.0011077,20991200,0.0011077,21000200
2023-11-25,0.0012274463864179166,21000100,0.0011797,20991200,0.0011797,21000200
2023-11-26,0.0011419195226724998,21000100,0.0011154,20991200,0.0011154,21000200
2023-11-27,0.0010929832875,21000100,0.0010831,20991200,0.0010831,21000200
2023-11-28,0.001104991875,21000100,0.001095,20991200,0.001095,21000200
2023-11-29,0.0010704411129316667,21000100,0.0010571,20991200,0.0010571,21000200
2023-11-30,0.0010968179625,21000100,0.0010869,20991200,0.0010869,21000200
2023-12-01,0.0011257579432508331,21000100,0.0011062,20991200,0.0011062,21000200
2023-12-02,0.0011850483338966666,21000100,0.0011668,20991200,0.0011668,21000200
2023-12-03,0.0012694346371874999,21000100,0.0012075,20991200,0.0012075,21000200
2023-12-04,0.00147270657555875,21000100,0.0013953,20991200,0.0013953,21000200
2023-12-05,0.0016915273888150001,21000100,0.0016203,20991200,0.0016203,21000200
2023-12-06,0.0015399521687604167,21000100,0.0014825,20991200,0.0014825,21000200
2023-12-07,0.0015608178910416668,21000100,0.001525,20991200,0.001525,21000200
2023-12-08,0.0016417029540666667,21000100,0.001576,20991200,0.001576,21000200
2023-12-09,0.0016233639819150001,21000100,0.0015327,20991200,0.0015327,21000200
2023-12-10,0.0016352225057358334,21000100,0.0016054,20991200,0.0016054,21000200
2023-12-11,0.0014444236147450001,21000100,0.0014127,20991200,0.0014127,21000200
2023-12-12,0.00140994945,21000100,0.0013972,20991200,0.0013972,21000200
2023-12-13,0.00143134348033,21000100,0.0014164,20991200,0.0014164,21000200
2023-12-14,0.0015111771398416667,21000100,0.0014855,20991200,0.0014855,21000200
2023-12-15,0.001368400037265833,21000100,0.0013294,20991200,0.0013294,21000200
2023-12-16,0.0014389339639425001,21000100,0.0014169,20991200,0.0014169,21000200
2023-12-17,0.0013599241007250002,21000100,0.0013374,20991200,0.0013374,21000200
2023-12-18,0.0013197897132433333,21000100,0.0013066,20991200,0.0013066,21000200
2023-12-19,0.0012669743547487498,21000100,0.0012483,20991200,0.0012483,21000200
2023-12-20,0.0012917597071916667,21000100,0.0012703,20991200,0.0012703,21000200
2023-12-21,0.0013498500823616666,21000100,0.0013066,20991200,0.0013066,21000200
2023-12-22,0.0016750321768424998,21000100,0.0015813,20991200,0.0015813,21000200
2023-12-23,0.0015735236971746113,21000100,0.0014733,20991200,0.0014733,21000200
2023-12-24,0.0014544238505183335,21000100,0.0013748,20991200,0.0013748,21000200
2023-12-25,0.0014769244112633336,21000100,0.0014078,20991200,0.0014078,21000200
2023-12-26,0.0014088173542337501,21000100,0.0013393,20991200,0.0013393,21000200
2023-12-27,0.0015144177870999999,21000100,0.001448,20991200,0.001448,21000200
2023-12-28,0.0014369867925437502,21000100,0.0013435,20991200,0.0013435,21000200
2023-12-29,0.0014177443778025,21000100,0.0013491,20991200,0.0013491,21000200
2023-12-30,0.0013624873943795834,21000100,0.0013091,20991200,0.0013091,21000200
2023-12-31,0.00133762608978,21000100,0.0012956,20991200,0.0012956,21000200
2024-01-01,0.0014680666090025,21000100,0.0014066,20991200,0.0014066,21000200
2024-01-02,0.0014376290028275001,21000100,0.0013391,20991200,0.0013391,21000200
2024-01-03,0.001236389221614583,21000100,0.0011875,20991200,0.0011875,21000200
2024-01-04,0.0012672591750000001,21000100,0.0012558,20991200,0.0012558,21000200
2024-01-05,0.001208326275,21000100,0.0011974,20991200,0.0011974,21000200
2024-01-06,0.0011680621875,21000100,0.0011575,20991200,0.0011575,21000200
2024-01-07,0.0011227524750000001,21000100,0.0011126,20991200,0.0011126,21000200
2024-01-08,0.0012000630684399999,21000100,0.0011944,20991200,0.0011944,21000200
2024-01-09,0.0012077208,21000100,0.0011968,20991200,0.0011968,21000200
2024-01-10,0.001343145375,21000100,0.001331,20991200,0.001331,21000200
2024-01-11,0.0013768516476416665,21000100,0.0013642,20991200,0.0013642,21000200
2024-01-12,0.00125277099108,21000100,0.0012348,20991200,0.0012348,21000200
2024-01-13,0.0012552505875000001,21000100,0.0012439,20991200,0.0012439,21000200
2024-01-14,0.0012047943374999999,21000100,0.0011939,20991200,0.0011939,21000200
2024-01-15,0.001215591975,21000100,0.0012046,20991200,0.0012046,21000200
2024-01-16,0.001256764275,21000100,0.0012454,20991200,0.0012454,21000200
2024-01-17,0.001218417525,21000100,0.0012074,20991200,0.0012074,21000200
2024-01-18,0.0011548426500000001,21000100,0.0011444,20991200,0.0011444,21000200
2024-01-19,0.0011476778625,21000100,0.0011373,20991200,0.0011373,21000200
2024-01-20,0.0011771443125,21000100,0.0011665,20991200,0.0011665,21000200
2024-01-21,0.0011336510250000002,21000100,0.0011234,20991200,0.0011234,21000200
2024-01-22,0.0010643241375,21000100,0.0010547,20991200,0.0010547,21000200
2024-01-23,0.0010448476787287499,21000100,0.0010413,20991200,0.0010413,21000200
2024-01-24,0.0010525173750000002,21000100,0.001043,20991200,0.001043,21000200
2024-01-25,0.0010373805,21000100,0.001028,20991200,0.001028,21000200
2024-01-26,0.0010928823750000001,21000100,0.001083,20991200,0.001083,21000200
2024-01-27,0.0011057991750000001,21000100,0.0010958,20991200,0.0010958,21000200
2024-01-28,0.001075525425,21000100,0.0010658,20991200,0.0010658,21000200
2024-01-29,0.0010745163,21000100,0.0010648,20991200,0.0010648,21000200
2024-01-30,0.0010185098625000001,21000100,0.0010093,20991200,0.0010093,21000200
2024-01-31,0.0009182197275166667,21000100,0.000913,20991200,0.000913,21000200
2024-02-01,0.000925771275,21000100,0.0009174,20991200,0.0009174,21000200
2024-02-02,0.000937880775,21000100,0.0009294,20991200,0.0009294,21000200
2024-02-03,0.0009324315,21000100,0.000924,20991200,0.000924,21000200
2024-02-04,0.0008963048250000001,21000100,0.0008882,20991200,0.0008882,21000200
2024-02-05,0.0009062951625,21000100,0.0008981,20991200,0.0008981,21000200
2024-02-06,0.000912249,21000100,0.000904,20991200,0.000904,21000200
2024-02-07,0.0009755211375,21000100,0.0009667,20991200,0.0009667,21000200
2024-02-08,0.000964118025,21000100,0.0009554,20991200,0.0009554,21000200
2024-02-09,0.0010259773875,21000100,0.0010167,20991200,0.0010167,21000200
2024-02-10,0.0010236564,21000100,0.0010144,20991200,0.0010144,21000200
2024-02-11,0.0010146889534375,21000100,0.0010054,20991200,0.0010054,21000200
2024-02-12,0.0010983959311558333,21000100,0.0010807,20991200,0.0010807,21000200
2024-02-13,0.00111260215523875,21000100,0.0010839,20991200,0.0010839,21000200
2024-02-14,0.0013007152096729166,21000100,0.0012479,20991200,0.0012479,21000200
2024-02-15,0.00131362029650875,21000100,0.0012451,20991200,0.0012451,21000200
2024-02-16,0.00122751411453,21000100,0.0011671,20991200,0.0011671,21000200
2024-02-17,0.00123183957441625,21000100,0.0011883,20991200,0.0011883,21000200
2024-02-18,0.00128607997299375,21000100,0.0012255,20991200,0.0012255,21000200
2024-02-19,0.00129329391965,21000100,0.0012315,20991200,0.0012315,21000200
2024-02-20,0.0012640091942937501,21000100,0.0011945,20991200,0.0011945,21000200
2024-02-21,0.0011942393331020834,21000100,0.0011543,20991200,0.0011543,21000200
2024-02-22,0.00125784787528125,21000100,0.0012105,20991200,0.0012105,21000200
2024-02-23,0.0012526746373379167,21000100,0.0011969,20991200,0.0011969,21000200
2024-02-24,0.0013548318390075001,21000100,0.0013131,20991200,0.0013131,21000200
2024-02-25,0.0014491749139675001,21000100,0.0013778,20991200,0.0013778,21000200
2024-02-26,0.00193188888891,21000100,0.0018099,20991200,0.0018099,21000200
2024-02-27,0.0029260785981752675,21000100,0.0026629,20991200,0.0026629,21000200
2024-02-28,0.0035118002662877343,21000100,0.0031813,20991200,0.0031813,21000200
2024-02-29,0.0030362445902771783,21000100,0.0027366,20991200,0.0027366,21000200
2024-03-01,0.00442533070878125,21000100,0.0039945,20991200,0.0039945,21000200
2024-03-02,0.0049058924739465186,21000100,0.0043776,20991200,0.0043776,21000200
2024-03-03,0.00659164895714375,21000100,0.0059277,20991200,0.0059277,21000200
2024-03-04,0.007696843411914582,21000100,0.0070265,20991200,0.0070265,21000200
2024-03-05,0.007155440154692627,21000100,0.0063028,20991200,0.0063028,21000200
2024-03-06,0.007859842812275416,21000100,0.0072109,20991200,0.0072109,21000200
2024-03-07,0.007321758771479166,21000100,0.006815,20991200,0.006815,21000200
2024-03-08,0.009966388286341665,21000100,0.0090266,20991200,0.0090266,21000200
2024-03-09,0.009578572661000416,21000100,0.0087737,20991200,0.0087737,21000200
2024-03-10,0.00928799963608,21000100,0.0085492,20991200,0.0085492,21000200
2024-03-11,0.009708928170854166,21000100,0.0090515,20991200,0.0090515,21000200
2024-03-12,0.0087895354735375,21000100,0.0082885,20991200,0.0082885,21000200
2024-03-13,0.009879287468222501,21000100,0.0090421,20991200,0.0090421,21000200
2024-03-14,0.011529087720678614,21000100,0.0099682,20991200,0.0099682,21000200
2024-03-15,0.009318516609095833,21000100,0.0089318,20991200,0.0089318,21000200
2024-03-16,0.007678129615475,21000100,0.0074404,20991200,0.0074404,21000200
2024-03-17,0.00814570617914625,21000100,0.0078507,20991200,0.0078507,21000200
2024-03-18,0.006962203876607084,21000100,0.0068171,20991200,0.0068171,21000200
2024-03-19,0.006842691169125,21000100,0.0066026,20991200,0.0066026,21000200
2024-03-20,0.008556925177520833,21000100,0.0083869,20991200,0.0083869,21000200
2024-03-21,0.008088088186616667,21000100,0.0078995,20991200,0.0078995,21000200
2024-03-22,0.00752573866370375,21000100,0.0074237,20991200,0.0074237,21000200
2024-03-23,0.007391436975,21000100,0.0073246,20991200,0.0073246,21000200
2024-03-24,0.00791765937677,21000100,0.0078184,20991200,0.0078184,21000200
2024-03-25,0.008377672094680001,21000100,0.0081028,20991200,0.0081028,21000200
2024-03-26,0.00850223491712,21000100,0.0080402,20991200,0.0080402,21000200
2024-03-27,0.007962939078974166,21000100,0.0076289,20991200,0.0076289,21000200
2024-03-28,0.008469963827952917,21000100,0.0080363,20991200,0.0080363,21000200
2024-03-29,0.008263374336770832,21000100,0.007753,20991200,0.007753,21000200
2024-03-30,0.008875352537167083,21000100,0.0081317,20991200,0.0081317,21000200
2024-03-31,0.0096283970957,21000100,0.008804,20991200,0.008804,21000200
2024-04-01,0.008322749027949583,21000100,0.0079297,20991200,0.0079297,21000200
2024-04-02,0.007338954597177501,21000100,0.0072589,20991200,0.0072589,21000200
2024-04-03,0.00687355034770125,21000100,0.0068099,20991200,0.0068099,21000200
2024-04-04,0.0070372228513708324,21000100,0.0069251,20991200,0.0069251,21000200
2024-04-05,0.006650177516412918,21000100,0.0065753,20991200,0.0065753,21000200
2024-04-06,0.00685964538098,21000100,0.0067739,20991200,0.0067739,21000200
2024-04-07,0.007519797675,21000100,0.0074518,20991200,0.0074518,21000200
2024-04-08,0.007922375993683334,21000100,0.0077765,20991200,0.0077765,21000200
2024-04-09,0.00726090951708,21000100,0.0070416,20991200,0.0070416,21000200
2024-04-10,0.007276465057995,21000100,0.0071407,20991200,0.0071407,21000200
2024-04-11,0.007401768726364583,21000100,0.0073175,20991200,0.0073175,21000200
2024-04-12,0.006060071895864167,21000100,0.0059117,20991200,0.0059117,21000200
2024-04-13,0.0050876046,21000100,0.0050416,20991200,0.0050416,21000200
2024-04-14,0.0054563324403,21000100,0.005432,20991200,0.005432,21000200
2024-04-15,0.005109734279899167,21000100,0.0050914,20991200,0.0050914,21000200
2024-04-16,0.0054194805132,21000100,0.0054015,20991200,0.0054015,21000200
2024-04-17,0.0049197968623608335,21000100,0.0049111,20991200,0.0049111,21000200
2024-04-18,0.005069174562333334,21000100,0.00508,20991200,0.00508,21000200
2024-04-19,0.00516740739832625,21000100,0.0051359,20991200,0.0051359,21000200
2024-04-20,0.00585494325,21000100,0.005802,20991200,0.005802,21000200
2024-04-21,0.0060054037875,21000100,0.0059511,20991200,0.0059511,21000200
2024-04-22,0.006925551598353333,21000100,0.0068702,20991200,0.0068702,21000200
2024-04-23,0.007725644316614584,21000100,0.0076769,20991200,0.0076769,21000200
2024-04-24,0.007303313012805416,21000100,0.0072463,20991200,0.0072463,21000200
2024-04-25,0.0078494788125,21000100,0.0077785,20991200,0.0077785,21000200
2024-04-26,0.007398405557351667,21000100,0.0073724,20991200,0.0073724,21000200
2024-04-27,0.00723066698919,21000100,0.0072024,20991200,0.0072024,21000200
2024-04-28,0.007265718998615,21000100,0.0072219,20991200,0.0072219,21000200
2024-04-29,0.007410999450350833,21000100,0.0073579,20991200,0.0073579,21000200
2024-04-30,0.0066679523657399995,21000100,0.0066672,20991200,0.0066672,21000200
2024-05-01,0.006978029241855001,21000100,0.0069879,20991200,0.0069879,21000200
2024-05-02,0.007609912537500001,21000100,0.0075411,20991200,0.0075411,21000200
2024-05-03,0.0081453542625,21000100,0.0080717,20991200,0.0080717,21000200
2024-05-04,0.0087528475125,21000100,0.0086737,20991200,0.0086737,21000200
2024-05-05,0.008609249025,21000100,0.0085314,20991200,0.0085314,21000200
2024-05-06,0.0084252855375,21000100,0.0083491,20991200,0.0083491,21000200
2024-05-07,0.007974711225,21000100,0.0079026,20991200,0.0079026,21000200
2024-05-08,0.00803303865,21000100,0.0079604,20991200,0.0079604,21000200
2024-05-09,0.0086155056,21000100,0.0085376,20991200,0.0085376,21000200
2024-05-10,0.0084798792,21000100,0.0084032,20991200,0.0084032,21000200
2024-05-11,0.008572753978364583,21000100,0.0085075,20991200,0.0085075,21000200
2024-05-12,0.00874358334599375,21000100,0.0087449,20991200,0.0087449,21000200
2024-05-13,0.009929953150423332,21000100,0.0099128,20991200,0.0099128,21000200
2024-05-14,0.010637853720005417,21000100,0.0105653,20991200,0.0105653,21000200
2024-05-15,0.010460595214791667,21000100,0.010501,20991200,0.010501,21000200
2024-05-16,0.010092449530593333,21000100,0.0100336,20991200,0.0100336,21000200
2024-05-17,0.010219861860333334,21000100,0.010165,20991200,0.010165,21000200
2024-05-18,0.009569245942798333,21000100,0.0095332,20991200,0.0095332,21000200
2024-05-19,0.0091594365809375,21000100,0.0091465,20991200,0.0091465,21000200
2024-05-20,0.011496288935945835,21000100,0.0114217,20991200,0.0114217,21000200
2024-05-21,0.014213329150132499,21000100,0.0138438,20991200,0.0138438,21000200
2024-05-22,0.01370725506242,21000100,0.0133986,20991200,0.0133986,21000200
2024-05-23,0.015080422537050001,21000100,0.0149396,20991200,0.0149396,21000200
2024-05-24,0.014313457608473332,21000100,0.0141589,20991200,0.0141589,21000200
2024-05-25,0.01530685256467,21000100,0.0149854,20991200,0.0149854,21000200
2024-05-26,0.0163568297422,21000100,0.0160312,20991200,0.0160312,21000200
2024-05-27,0.016894635899510416,21000100,0.0167245,20991200,0.0167245,21000200
2024-05-28,0.0163166502691775,21000100,0.0160127,20991200,0.0160127,21000200
2024-05-29,0.015188229046874998,21000100,0.014775,20991200,0.014775,21000200
2024-05-30,0.014728141715338334,21000100,0.0144263,20991200,0.0144263,21000200
2024-05-31,0.015582158903615,21000100,0.0154276,20991200,0.0154276,21000200
2024-06-01,0.01509746919061875,21000100,0.0148707,20991200,0.0148707,21000200
2024-06-02,0.015020156973507916,21000100,0.0146339,20991200,0.0146339,21000200
2024-06-03,0.014691681250457916,21000100,0.0144511,20991200,0.0144511,21000200
2024-06-04,0.014533300720329583,21000100,0.0143723,20991200,0.0143723,21000200
2024-06-05,0.0147590566123675,21000100,0.0145939,20991200,0.0145939,21000200
2024-06-06,0.014659931487337501,21000100,0.0143598,20991200,0.0143598,21000200
2024-06-07,0.012986769499990001,21000100,0.0127798,20991200,0.0127798,21000200
2024-06-08,0.012224943900000002,21000100,0.0121144,20991200,0.0121144,21000200
2024-06-09,0.012867554700000002,21000100,0.0127512,20991200,0.0127512,21000200
2024-06-10,0.0121949728875,21000100,0.0120847,20991200,0.0120847,21000200
2024-06-11,0.012851711437500002,21000100,0.0127355,20991200,0.0127355,21000200
2024-06-12,0.013331146725,21000100,0.0132106,20991200,0.0132106,21000200
2024-06-13,0.0120163577625,21000100,0.0119077,20991200,0.0119077,21000200
2024-06-14,0.011471632087500001,21000100,0.0113679,20991200,0.0113679,21000200
2024-06-15,0.01192558406401,21000100,0.0118436,20991200,0.0118436,21000200
2024-06-16,0.012411755331108333,21000100,0.0123026,20991200,0.0123026,21000200
2024-06-17,0.011258092311040002,21000100,0.0111616,20991200,0.0111616,21000200
2024-06-18,0.011038748709379998,21000100,0.0109641,20991200,0.0109641,21000200
2024-06-19,0.011444119139200418,21000100,0.0113449,20991200,0.0113449,21000200
2024-06-20,0.011037458529183333,21000100,0.0109885,20991200,0.0109885,21000200
2024-06-21,0.011483332528465416,21000100,0.0114103,20991200,0.0114103,21000200
2024-06-22,0.011517737252527499,21000100,0.0114162,20991200,0.0114162,21000200
2024-06-23,0.0110072327625,21000100,0.0109077,20991200,0.0109077,21000200
2024-06-24,0.011377810167520834,21000100,0.0112922,20991200,0.0112922,21000200
2024-06-25,0.012950180860124998,21000100,0.0128475,20991200,0.0128475,21000200
2024-06-26,0.012651198300000001,21000100,0.0125368,20991200,0.0125368,21000200
2024-06-27,0.01270569105,21000100,0.0125908,20991200,0.0125908,21000200
2024-06-28,0.011681530087500001,21000100,0.0115759,20991200,0.0115759,21000200
2024-06-29,0.011389374908265,21000100,0.0113062,20991200,0.0113062,21000200
2024-06-30,0.0120029036539875,21000100,0.0119235,20991200,0.0119235,21000200
2024-07-01,0.011464469650229583,21000100,0.0114217,20991200,0.0114217,21000200
2024-07-02,0.011412952172939998,21000100,0.0113166,20991200,0.0113166,21000200
2024-07-03,0.010222172353270834,21000100,0.010243,20991200,0.010243,21000200
2024-07-04,0.008912151731266667,21000100,0.0089254,20991200,0.0089254,21000200
2024-07-05,0.008841575580365,21000100,0.0088814,20991200,0.0088814,21000200
2024-07-06,0.009723182734711667,21000100,0.0097271,20991200,0.0097271,21000200
2024-07-07,0.00848189745,21000100,0.0084052,20991200,0.0084052,21000200
2024-07-08,0.009065497276733335,21000100,0.0091432,20991200,0.0091432,21000200
2024-07-09,0.00897865167194375,21000100,0.0090815,20991200,0.0090815,21000200
2024-07-10,0.009205217329105416,21000100,0.0091949,20991200,0.0091949,21000200
2024-07-11,0.0089756623125,21000100,0.0088945,20991200,0.0088945,21000200
2024-07-12,0.008632948602986667,21000100,0.0086816,20991200,0.0086816,21000200
2024-07-13,0.008678103086908332,21000100,0.008686,20991200,0.008686,21000200
2024-07-14,0.0092142754636425,21000100,0.0091998,20991200,0.0091998,21000200
2024-07-15,0.011391271155035833,21000100,0.0113159,20991200,0.0113159,21000200
2024-07-16,0.0124897383,21000100,0.0123768,20991200,0.0123768,21000200
2024-07-17,0.011792836575000002,21000100,0.0116862,20991200,0.0116862,21000200
2024-07-18,0.011748838725,21000100,0.0116426,20991200,0.0116426,21000200
2024-07-19,0.012809630925000001,21000100,0.0126938,20991200,0.0126938,21000200
2024-07-20,0.0123221226375,21000100,0.0122107,20991200,0.0122107,21000200
2024-07-21,0.012609319612500001,21000100,0.0124953,20991200,0.0124953,21000200
2024-07-22,0.011980878026176249,21000100,0.0118821,20991200,0.0118821,21000200
2024-07-23,0.012617868191899166,21000100,0.0125261,20991200,0.0125261,21000200
2024-07-24,0.0123114259125,21000100,0.0122001,20991200,0.0122001,21000200
2024-07-25,0.01148135522979375,21000100,0.0114723,20991200,0.0114723,21000200
2024-07-26,0.012075977683,21000100,0.0120225,20991200,0.0120225,21000200
2024-07-27,0.012013935862500002,21000100,0.0119053,20991200,0.0119053,21000200
2024-07-28,0.011809763165500418,21000100,0.0117397,20991200,0.0117397,21000200
2024-07-29,0.01183035152153,21000100,0.0117893,20991200,0.0117893,21000200
2024-07-30,0.011358701635720002,21000100,0.0113012,20991200,0.0113012,21000200
2024-07-31,0.0110636745418875,21000100,0.0110435,20991200,0.0110435,21000200
2024-08-01,0.010541592976746667,21000100,0.0105152,20991200,0.0105152,21000200
2024-08-02,0.009307212129350416,21000100,0.0093223,20991200,0.0093223,21000200
2024-08-03,0.008631129960586667,21000100,0.0086116,20991200,0.0086116,21000200
2024-08-04,0.00806285019948,21000100,0.0080928,20991200,0.0080928,21000200
2024-08-05,0.0070137829005,21000100,0.007045,20991200,0.007045,21000200
2024-08-06,0.0077070819706375,21000100,0.0077358,20991200,0.0077358,21000200
2024-08-07,0.0074154552277108324,21000100,0.0073654,20991200,0.0073654,21000200
2024-08-08,0.0088084071986975,21000100,0.0087631,20991200,0.0087631,21000200
2024-08-09,0.008575124501379998,21000100,0.0085192,20991200,0.0085192,21000200
2024-08-10,0.008435500849766667,21000100,0.008428,20991200,0.008428,21000200
2024-08-11,0.007754913007233334,21000100,0.007718,20991200,0.007718,21000200
2024-08-12,0.00824101318536875,21000100,0.0082245,20991200,0.0082245,21000200
2024-08-13,0.00817970438991375,21000100,0.0081801,20991200,0.0081801,21000200
2024-08-14,0.008055143648830832,21000100,0.0080066,20991200,0.0080066,21000200
2024-08-15,0.0074761538604075,21000100,0.0074418,20991200,0.0074418,21000200
2024-08-16,0.0071447794295033335,21000100,0.0071743,20991200,0.0071743,21000200
2024-08-17,0.007493970013730001,21000100,0.0074807,20991200,0.0074807,21000200
2024-08-18,0.007345055140466667,21000100,0.007288,20991200,0.007288,21000200
2024-08-19,0.0077495754375000005,21000100,0.0076795,20991200,0.0076795,21000200
2024-08-20,0.007823746125000001,21000100,0.007753,20991200,0.007753,21000200
2024-08-21,0.007935825055395,21000100,0.0079182,20991200,0.0079182,21000200
2024-08-22,0.00801049895115625,21000100,0.0079815,20991200,0.0079815,21000200
2024-08-23,0.009122300496044166,21000100,0.0090782,20991200,0.0090782,21000200
2024-08-24,0.009573871612500002,21000100,0.0094873,20991200,0.0094873,21000200
2024-08-25,0.009183361555946666,21000100,0.0091357,20991200,0.0091357,21000200
2024-08-26,0.008558101246044584,21000100,0.0085181,20991200,0.0085181,21000200
2024-08-27,0.007657570663739582,21000100,0.0076345,20991200,0.0076345,21000200
2024-08-28,0.0076497343185983335,21000100,0.0076822,20991200,0.0076822,21000200
2024-08-29,0.007628941300182501,21000100,0.0076393,20991200,0.0076393,21000200
2024-08-30,0.0077469130536866665,21000100,0.0077612,20991200,0.0077612,21000200
2024-08-31,0.007652189783912499,21000100,0.0075945,20991200,0.0075945,21000200
2024-09-01,0.0071471349645416665,21000100,0.00713,20991200,0.00713,21000200
2024-09-02,0.007570343029048333,21000100,0.0076118,20991200,0.0076118,21000200
2024-09-03,0.007280014375903332,21000100,0.0072643,20991200,0.0072643,21000200
2024-09-04,0.00737251715022125,21000100,0.0073527,20991200,0.0073527,21000200
2024-09-05,0.007148711126699999,21000100,0.0071016,20991200,0.0071016,21000200
2024-09-06,0.006674961378773334,21000100,0.0066368,20991200,0.0066368,21000200
2024-09-07,0.006681269221109861,21000100,0.006761,20991200,0.006761,21000200
2024-09-08,0.00709701346274375,21000100,0.0070707,20991200,0.0070707,21000200
2024-09-09,0.0074222477682025,21000100,0.0073889,20991200,0.0073889,21000200
2024-09-10,0.0075294286128125,21000100,0.0074625,20991200,0.0074625,21000200
2024-09-11,0.007276378257332083,21000100,0.0072337,20991200,0.0072337,21000200
2024-09-12,0.007476087312503334,21000100,0.0074129,20991200,0.0074129,21000200
2024-09-13,0.0079785459,21000100,0.0079064,20991200,0.0079064,21000200
2024-09-14,0.0078252598125,21000100,0.0077545,20991200,0.0077545,21000200
2024-09-15,0.0074165641875,21000100,0.0073495,20991200,0.0073495,21000200
2024-09-16,0.0072284998460324995,21000100,0.0071946,20991200,0.0071946,21000200
2024-09-17,0.0073155222239866665,21000100,0.0073192,20991200,0.0073192,21000200
2024-09-18,0.007547135580033333,21000100,0.007528,20991200,0.007528,21000200
2024-09-19,0.008022745575,21000100,0.0079502,20991200,0.0079502,21000200
2024-09-20,0.0083163000375,21000100,0.0082411,20991200,0.0082411,21000200
2024-09-21,0.0084856312125,21000100,0.0084089,20991200,0.0084089,21000200
2024-09-22,0.008047543811835001,21000100,0.0080046,20991200,0.0080046,21000200
2024-09-23,0.008167834265338752,21000100,0.0081273,20991200,0.0081273,21000200
2024-09-24,0.008666131710771668,21000100,0.0085892,20991200,0.0085892,21000200
2024-09-25,0.008519638725,21000100,0.0084426,20991200,0.0084426,21000200
2024-09-26,0.009601521637499999,21000100,0.0095147,20991200,0.0095147,21000200
2024-09-27,0.010799756662500002,21000100,0.0107021,20991200,0.0107021,21000200
2024-09-28,0.011484447975,21000100,0.0113806,20991200,0.0113806,21000200
2024-09-29,0.011381214487500001,21000100,0.0112783,20991200,0.0112783,21000200
2024-09-30,0.010557874551079167,21000100,0.0104665,20991200,0.0104665,21000200
2024-10-01,0.0097833659625,21000100,0.0096949,20991200,0.0096949,21000200
2024-10-02,0.009321388537500001,21000100,0.0092371,20991200,0.0092371,21000200
2024-10-03,0.008686916712835833,21000100,0.0086294,20991200,0.0086294,21000200
2024-10-04,0.009268440579244466,21000100,0.0093878,20991200,0.0093878,21000200
2024-10-05,0.009401493589110833,21000100,0.0093487,20991200,0.0093487,21000200
2024-10-06,0.010324357875,21000100,0.010231,20991200,0.010231,21000200
2024-10-07,0.00988902135,21000100,0.0097996,20991200,0.0097996,21000200
2024-10-08,0.009516133420293333,21000100,0.0095008,20991200,0.0095008,21000200
2024-10-09,0.009160133017431666,21000100,0.0091084,20991200,0.0091084,21000200
2024-10-10,0.0093252492307375,21000100,0.0092899,20991200,0.0092899,21000200
2024-10-11,0.0098274368976,21000100,0.009744,20991200,0.009744,21000200
2024-10-12,0.00998589735,21000100,0.0098956,20991200,0.0098956,21000200
2024-10-13,0.009784476,21000100,0.009696,20991200,0.009696,21000200
2024-10-14,0.0110074345875,21000100,0.0109079,20991200,0.0109079,21000200
2024-10-15,0.010490712294991668,21000100,0.0103876,20991200,0.0103876,21000200
2024-10-16,0.0105384942,21000100,0.0104432,20991200,0.0104432,21000200
2024-10-17,0.009967430362500002,21000100,0.0098773,20991200,0.0098773,21000200
2024-10-18,0.010577905206096251,21000100,0.0105059,20991200,0.0105059,21000200
2024-10-19,0.010583904825,21000100,0.0104882,20991200,0.0104882,21000200
2024-10-20,0.01079077545,21000100,0.0106932,20991200,0.0106932,21000200
2024-10-21,0.010265424975000001,21000100,0.0101726,20991200,0.0101726,21000200
2024-10-22,0.010157426518867498,21000100,0.0100746,20991200,0.0100746,21000200
2024-10-23,0.009887432537816668,21000100,0.009806,20991200,0.009806,21000200
2024-10-24,0.010079868067278334,21000100,0.0099932,20991200,0.0099932,21000200
2024-10-25,0.008789729101764999,21000100,0.0087774,20991200,0.0087774,21000200
2024-10-26,0.009000101609895,21000100,0.0090684,20991200,0.0090684,21000200
2024-10-27,0.009221819430068333,21000100,0.0091633,20991200,0.0091633,21000200
2024-10-28,0.009224790101569166,21000100,0.0091729,20991200,0.0091729,21000200
2024-10-29,0.009765706275,21000100,0.0096774,20991200,0.0096774,21000200
2024-10-30,0.0097346617128,21000100,0.0096384,20991200,0.0096384,21000200
2024-10-31,0.00919877985,21000100,0.0091156,20991200,0.0091156,21000200
2024-11-01,0.008963653725,21000100,0.0088826,20991200,0.0088826,21000200
2024-11-02,0.008736751823294165,21000100,0.0087146,20991200,0.0087146,21000200
2024-11-03,0.008190765673708333,21000100,0.0081725,20991200,0.0081725,21000200
2024-11-04,0.007878610952395834,21000100,0.007915,20991200,0.007915,21000200
2024-11-05,0.008572693887683334,21000100,0.0085603,20991200,0.0085603,21000200
2024-11-06,0.009955942794216667,21000100,0.009901,20991200,0.009901,21000200
2024-11-07,0.011225450564038333,21000100,0.0110044,20991200,0.0110044,21000200
2024-11-08,0.010892492377184999,21000100,0.0107748,20991200,0.0107748,21000200
2024-11-09,0.011345913529375,21000100,0.0112065,20991200,0.0112065,21000200
2024-11-10,0.01262921933768589,21000100,0.0123271,20991200,0.0123271,21000200
2024-11-11,0.013321798392419999,21000100,0.0130032,20991200,0.0130032,21000200
2024-11-12,0.014540746085222633,21000100,0.0141371,20991200,0.0141371,21000200
2024-11-13,0.02148188313431725,21000100,0.0208289,20991200,0.0208289,21000200
2024-11-14,0.02107086430365,21000100,0.020676,20991200,0.020676,21000200
2024-11-15,0.023672702779301252,21000100,0.0233469,20991200,0.0233469,21000200
2024-11-16,0.021667730213764586,21000100,0.0213071,20991200,0.0213071,21000200
2024-11-17,0.021587917245286668,21000100,0.0212312,20991200,0.0212312,21000200
2024-11-18,0.020862893673952502,21000100,0.0204929,20991200,0.0204929,21000200
2024-11-19,0.02006369724410333,21000100,0.0196889,20991200,0.0196889,21000200
2024-11-20,0.019059791889450003,21000100,0.018772,20991200,0.018772,21000200
2024-11-21,0.020978427574761666,21000100,0.0207068,20991200,0.0207068,21000200
2024-11-22,0.02122857533559,21000100,0.0206619,20991200,0.0206619,21000200
2024-11-23,0.0212614735205771,21000100,0.0205023,20991200,0.0205023,21000200
2024-11-24,0.0206460524185,21000100,0.02022,20991200,0.02022,21000200
2024-11-25,0.01936671706959,21000100,0.0189944,20991200,0.0189944,21000200
2024-11-26,0.018540171147145,21000100,0.0182877,20991200,0.0182877,21000200
2024-11-27,0.019957129367162083,21000100,0.0197513,20991200,0.0197513,21000200
2024-11-28,0.02022665242752,21000100,0.0198704,20991200,0.0198704,21000200
2024-11-29,0.021081258774377085,21000100,0.0204853,20991200,0.0204853,21000200
2024-11-30,0.020530756177216666,21000100,0.020204,20991200,0.020204,21000200
2024-12-01,0.022801240822375002,21000100,0.0222801,20991200,0.0222801,21000200
2024-12-02,0.020761288975747496,21000100,0.0204426,20991200,0.0204426,21000200
2024-12-03,0.02089334916811875,21000100,0.0202737,20991200,0.0202737,21000200
2024-12-04,0.0227221296377625,21000100,0.0218187,20991200,0.0218187,21000200
2024-12-05,0.022139469344970023,21000100,0.0212024,20991200,0.0212024,21000200
2024-12-06,0.022324687296875,21000100,0.0215625,20991200,0.0215625,21000200
2024-12-07,0.02590010299156,21000100,0.0249312,20991200,0.0249312,21000200
2024-12-08,0.027673842860657504,21000100,0.0264459,20991200,0.0264459,21000200
2024-12-09,0.027122234670900004,21000100,0.0264932,20991200,0.0264932,21000200
2024-12-10,0.023691833100000004,21000100,0.0234776,20991200,0.0234776,21000200
2024-12-11,0.02527916694349917,21000100,0.0251263,20991200,0.0251263,21000200
2024-12-12,0.023846431050000002,21000100,0.0236308,20991200,0.0236308,21000200
2024-12-13,0.024979375687500003,21000100,0.0247535,20991200,0.0247535,21000200
2024-12-14,0.023529363975000002,21000100,0.0233166,20991200,0.0233166,21000200
2024-12-15,0.024375221817499997,21000100,0.0241625,20991200,0.0241625,21000200
2024-12-16,0.02357804882322,21000100,0.0234483,20991200,0.0234483,21000200
2024-12-17,0.022632945697218753,21000100,0.0224325,20991200,0.0224325,21000200
2024-12-18,0.01959034772128,21000100,0.0194236,20991200,0.0194236,21000200
2024-12-19,0.017031098384776667,21000100,0.0170456,20991200,0.0170456,21000200
2024-12-20,0.01750054729928625,21000100,0.0176697,20991200,0.0176697,21000200
2024-12-21,0.0174035480804675,21000100,0.0174111,20991200,0.0174111,21000200
2024-12-22,0.01800603870244375,21000100,0.0178433,20991200,0.0178433,21000200
2024-12-23,0.018589683074560003,21000100,0.0184704,20991200,0.0184704,21000200
2024-12-24,0.019265220395986667,21000100,0.0192463,20991200,0.0192463,21000200
2024-12-25,0.018518462684331667,21000100,0.0185243,20991200,0.0185243,21000200
2024-12-26,0.017468321823501665,21000100,0.0173837,20991200,0.0173837,21000200
2024-12-27,0.017957640026,21000100,0.01788,20991200,0.01788,21000200
2024-12-28,0.018930175875000003,21000100,0.018759,20991200,0.018759,21000200
2024-12-29,0.01804678785,21000100,0.0178836,20991200,0.0178836,21000200
2024-12-30,0.018618154425,21000100,0.0184498,20991200,0.0184498,21000200
2024-12-31,0.020064194745346667,21000100,0.0199604,20991200,0.0199604,21000200
2025-01-01,0.019539081143108337,21000100,0.0193718,20991200,0.0193718,21000200
2025-01-02,0.02058426598423542,21000100,0.0204763,20991200,0.0204763,21000200
2025-01-03,0.021744761363106668,21000100,0.0215902,20991200,0.0215902,21000200
2025-01-04,0.021324224025,21000100,0.0211314,20991200,0.0211314,21000200
2025-01-05,0.020892924,21000100,0.020704,20991200,0.020704,21000200
2025-01-06,0.02094576858520417,21000100,0.0207718,20991200,0.0207718,21000200
2025-01-07,0.0187379026289175,21000100,0.0185778,20991200,0.0185778,21000200
2025-01-08,0.017829239461605,21000100,0.0178068,20991200,0.0178068,21000200
2025-01-09,0.017003550481770414,21000100,0.0169939,20991200,0.0169939,21000200
2025-01-10,0.01764421243137083,21000100,0.017629,20991200,0.017629,21000200
2025-01-11,0.018083808803959996,21000100,0.0179976,20991200,0.0179976,21000200
2025-01-12,0.017777831799352502,21000100,0.0177491,20991200,0.0177491,21000200
2025-01-13,0.01698491936415875,21000100,0.0168513,20991200,0.0168513,21000200
2025-01-14,0.017476892518380003,21000100,0.0174627,20991200,0.0174627,21000200
2025-01-15,0.0192348307125,21000100,0.0190609,20991200,0.0190609,21000200
2025-01-16,0.01829301435,21000100,0.0181276,20991200,0.0181276,21000200
2025-01-17,0.0204851365875,21000100,0.0202999,20991200,0.0202999,21000200
2025-01-18,0.018591021862303752,21000100,0.0184367,20991200,0.0184367,21000200
2025-01-19,0.016138976314635,21000100,0.0160437,20991200,0.0160437,21000200
2025-01-20,0.015902772996183333,21000100,0.015796,20991200,0.015796,21000200
2025-01-21,0.0160563897,21000100,0.0159112,20991200,0.0159112,21000200
2025-01-22,0.015290564737500002,21000100,0.0151523,20991200,0.0151523,21000200
2025-01-23,0.0154665561375,21000100,0.0153267,20991200,0.0153267,21000200
2025-01-24,0.015078043012500002,21000100,0.0149417,20991200,0.0149417,21000200
2025-01-25,0.0151807719375,21000100,0.0150435,20991200,0.0150435,21000200
2025-01-26,0.014135419350000001,21000100,0.0140076,20991200,0.0140076,21000200
2025-01-27,0.013093691181404167,21000100,0.0131021,20991200,0.0131021,21000200
2025-01-28,0.011429249106825001,21000100,0.0114455,20991200,0.0114455,21000200
2025-01-29,0.012501416920902501,21000100,0.0123969,20991200,0.0123969,21000200
2025-01-30,0.012985721391925,21000100,0.0129278,20991200,0.0129278,21000200
2025-01-31,0.01396635746165,21000100,0.0138633,20991200,0.0138633,21000200
2025-02-01,0.0123492681,21000100,0.0122376,20991200,0.0122376,21000200
2025-02-02,0.0108191664307975,21000100,0.0107638,20991200,0.0107638,21000200
2025-02-03,0.010905990017496666,21000100,0.0109988,20991200,0.0109988,21000200
2025-02-04,0.0101283402918075,21000100,0.0101507,20991200,0.0101507,21000200
2025-02-05,0.010091714666039999,21000100,0.0100016,20991200,0.0100016,21000200
2025-02-06,0.00925111417896,21000100,0.0092097,20991200,0.0092097,21000200
2025-02-07,0.008874154377800833,21000100,0.0089219,20991200,0.0089219,21000200
2025-02-08,0.0095974848795,21000100,0.00956,20991200,0.00956,21000200
2025-02-09,0.009564154701885,21000100,0.0095268,20991200,0.0095268,21000200
2025-02-10,0.009678054106815001,21000100,0.0095922,20991200,0.0095922,21000200
2025-02-11,0.0095664001822375,21000100,0.0095803,20991200,0.0095803,21000200
2025-02-12,0.01000644466741875,21000100,0.0100845,20991200,0.0100845,21000200
2025-02-13,0.009723550158520416,21000100,0.0096841,20991200,0.0096841,21000200
2025-02-14,0.010368209775712501,21000100,0.0102906,20991200,0.0102906,21000200
2025-02-15,0.00996462470281625,21000100,0.0099317,20991200,0.0099317,21000200
2025-02-16,0.0097001723885625,21000100,0.0096975,20991200,0.0096975,21000200
2025-02-17,0.010117450827751666,21000100,0.0101167,20991200,0.0101167,21000200
2025-02-18,0.009185476021583332,21000100,0.00926,20991200,0.00926,21000200
2025-02-19,0.009329398045045833,21000100,0.0093511,20991200,0.0093511,21000200
2025-02-20,0.009680600372625,21000100,0.0096255,20991200,0.0096255,21000200
2025-02-21,0.0092014754581575,21000100,0.0091203,20991200,0.0091203,21000200
2025-02-22,0.0096385572184,21000100,0.0096217,20991200,0.0096217,21000200
2025-02-23,0.009428658525000001,21000100,0.0093434,20991200,0.0093434,21000200
2025-02-24,0.007859896317808332,21000100,0.0078868,20991200,0.0078868,21000200
2025-02-25,0.008262918618020833,21000100,0.008245,20991200,0.008245,21000200
2025-02-26,0.008360366108500002,21000100,0.008323,20991200,0.008323,21000200
2025-02-27,0.008287598420997085,21000100,0.0082127,20991200,0.0082127,21000200
2025-02-28,0.007926774012523334,21000100,0.0079256,20991200,0.0079256,21000200
2025-03-01,0.007615733876093749,21000100,0.0075889,20991200,0.0075889,21000200
2025-03-02,0.008876288845127915,21000100,0.0088297,20991200,0.0088297,21000200
2025-03-03,0.007262126852025,21000100,0.007218,20991200,0.007218,21000200
2025-03-04,0.0068846482026283335,21000100,0.0069842,20991200,0.0069842,21000200
2025-03-05,0.007023491659207916,21000100,0.0070721,20991200,0.0070721,21000200
2025-03-06,0.006851329692042917,21000100,0.0068323,20991200,0.0068323,21000200
2025-03-07,0.006949305949145,21000100,0.0069868,20991200,0.0069868,21000200
2025-03-08,0.0067143820647225,21000100,0.0066689,20991200,0.0066689,21000200
2025-03-09,0.0058454173878437505,21000100,0.0058665,20991200,0.0058665,21000200
2025-03-10,0.00567446458093,21000100,0.0056983,20991200,0.0056983,21000200
2025-03-11,0.006280971443634583,21000100,0.0063199,20991200,0.0063199,21000200
2025-03-12,0.00695711240306,21000100,0.0069493,20991200,0.0069493,21000200
2025-03-13,0.006698417556398333,21000100,0.0066931,20991200,0.0066931,21000200
2025-03-14,0.007006826443761666,21000100,0.0070553,20991200,0.0070553,21000200
2025-03-15,0.007143438189222917,21000100,0.0071297,20991200,0.0071297,21000200
2025-03-16,0.006584911314472918,21000100,0.0065839,20991200,0.0065839,21000200
2025-03-17,0.007396695026875,21000100,0.0073821,20991200,0.0073821,21000200
2025-03-18,0.007318505116916249,21000100,0.0072783,20991200,0.0072783,21000200
2025-03-19,0.0074717613685716675,21000100,0.0074549,20991200,0.0074549,21000200
2025-03-20,0.007645281927554999,21000100,0.0076399,20991200,0.0076399,21000200
2025-03-21,0.00715597723529,21000100,0.0072046,20991200,0.0072046,21000200
2025-03-22,0.00699892968995,21000100,0.007062,20991200,0.007062,21000200
2025-03-23,0.007355643777229999,21000100,0.0073416,20991200,0.0073416,21000200
2025-03-24,0.00803660294278,21000100,0.0079932,20991200,0.0079932,21000200
2025-03-25,0.008082082125,21000100,0.008009,20991200,0.008009,21000200
2025-03-26,0.008565057248453333,21000100,0.0085216,20991200,0.0085216,21000200
2025-03-27,0.008429880986420833,21000100,0.0084385,20991200,0.0084385,21000200
2025-03-28,0.00779838450549,21000100,0.0077797,20991200,0.0077797,21000200
2025-03-29,0.0072418153591875005,21000100,0.007215,20991200,0.007215,21000200
2025-03-30,0.006886032299439584,21000100,0.0069407,20991200,0.0069407,21000200
2025-03-31,0.0071657522965875,21000100,0.007203,20991200,0.007203,21000200
2025-04-01,0.007696137075071666,21000100,0.0077182,20991200,0.0077182,21000200
2025-04-02,0.007103594142065,21000100,0.0070548,20991200,0.0070548,21000200
2025-04-03,0.00672398564461875,21000100,0.0067035,20991200,0.0067035,21000200
2025-04-04,0.007149308020983333,21000100,0.007238,20991200,0.007238,21000200
2025-04-05,0.0071194777875,21000100,0.0070551,20991200,0.0070551,21000200
2025-04-06,0.006344084718806666,21000100,0.0063289,20991200,0.0063289,21000200
2025-04-07,0.006425960872333334,21000100,0.0064496,20991200,0.0064496,21000200
2025-04-08,0.0060200474515525,21000100,0.0060402,20991200,0.0060402,21000200
2025-04-09,0.00696696723729375,21000100,0.0069747,20991200,0.0069747,21000200
2025-04-10,0.006763485325311667,21000100,0.0067066,20991200,0.0067066,21000200
2025-04-11,0.006981389456952083,21000100,0.0069347,20991200,0.0069347,21000200
2025-04-12,0.007481348353173334,21000100,0.0074368,20991200,0.0074368,21000200
2025-04-13,0.0073392652125,21000100,0.0072729,20991200,0.0072729,21000200
2025-04-14,0.0073813716745708335,21000100,0.0073346,20991200,0.0073346,21000200
2025-04-15,0.006884077820542119,21000100,0.0069999,20991200,0.0069999,21000200
2025-04-16,0.0071712962644375,21000100,0.0071305,20991200,0.0071305,21000200
2025-04-17,0.007292542440836667,21000100,0.0072316,20991200,0.0072316,21000200
2025-04-18,0.007324786369570834,21000100,0.0073318,20991200,0.0073318,21000200
2025-04-19,0.007576308675000001,21000100,0.0075078,20991200,0.0075078,21000200
2025-04-20,0.007605169650000001,21000100,0.0075364,20991200,0.0075364,21000200
2025-04-21,0.007784129023024999,21000100,0.007738,20991200,0.007738,21000200
2025-04-22,0.0088747273713825,21000100,0.0088086,20991200,0.0088086,21000200
2025-04-23,0.0089086564125,21000100,0.0088281,20991200,0.0088281,21000200
2025-04-24,0.0088343848125,21000100,0.0087545,20991200,0.0087545,21000200
2025-04-25,0.00909274065986,21000100,0.0090444,20991200,0.0090444,21000200
2025-04-26,0.009249201389773334,21000100,0.0091664,20991200,0.0091664,21000200
2025-04-27,0.008706289494955001,21000100,0.0087594,20991200,0.0087594,21000200
2025-04-28,0.00884607895679125,21000100,0.0089601,20991200,0.0089601,21000200
2025-04-29,0.008922081308700834,21000100,0.0088562,20991200,0.0088562,21000200
2025-04-30,0.00887602362742875,21000100,0.0088881,20991200,0.0088881,21000200
2025-05-01,0.008798073480385415,21000100,0.0087265,20991200,0.0087265,21000200
2025-05-02,0.008664519175972918,21000100,0.0086911,20991200,0.0086911,21000200
2025-05-03,0.008201328277485,21000100,0.0081707,20991200,0.0081707,21000200
2025-05-04,0.008103559856346667,21000100,0.0080764,20991200,0.0080764,21000200
2025-05-05,0.007859727383835833,21000100,0.0079342,20991200,0.0079342,21000200
2025-05-06,0.00801914189286,21000100,0.0079884,20991200,0.0079884,21000200
2025-05-07,0.008227113268789584,21000100,0.0082465,20991200,0.0082465,21000200
2025-05-08,0.011164326021051668,21000100,0.0111212,20991200,0.0111212,21000200
2025-05-09,0.012526814889842915,21000100,0.0123701,20991200,0.0123701,21000200
2025-05-10,0.0138101035973575,21000100,0.0136887,20991200,0.0136887,21000200
2025-05-11,0.013741557862500002,21000100,0.0136173,20991200,0.0136173,21000200
2025-05-12,0.013746401662500001,21000100,0.0136221,20991200,0.0136221,21000200
2025-05-13,0.0145749942,21000100,0.0144432,20991200,0.0144432,21000200
2025-05-14,0.014021865834491666,21000100,0.0139027,20991200,0.0139027,21000200
2025-05-15,0.013137394725000001,21000100,0.0130186,20991200,0.0130186,21000200
2025-05-16,0.01265191906884417,21000100,0.0125926,20991200,0.0125926,21000200
2025-05-17,0.012206673881819998,21000100,0.0121608,20991200,0.0121608,21000200
2025-05-18,0.013924348041984167,21000100,0.0138382,20991200,0.0138382,21000200
2025-05-19,0.0132319528809375,21000100,0.013275,20991200,0.013275,21000200
2025-05-20,0.0131752700272375,21000100,0.0131586,20991200,0.0131586,21000200
2025-05-21,0.0137667859875,21000100,0.0136423,20991200,0.0136423,21000200
2025-05-22,0.0156705003,21000100,0.0155288,20991200,0.0155288,21000200
2025-05-23,0.0139427779625,21000100,0.0138,20991200,0.0138,21000200
2025-05-24,0.013843549122035418,21000100,0.0137645,20991200,0.0137645,21000200
2025-05-25,0.013694948527457083,21000100,0.0135971,20991200,0.0135971,21000200
2025-05-26,0.01393765728712,21000100,0.0138432,20991200,0.0138432,21000200
2025-05-27,0.013987141048238335,21000100,0.0138871,20991200,0.0138871,21000200
2025-05-28,0.014011891551093334,21000100,0.0139916,20991200,0.0139916,21000200
2025-05-29,0.013553154224999999,21000100,0.0134306,20991200,0.0134306,21000200
2025-05-30,0.01154960496196875,21000100,0.0115965,20991200,0.0115965,21000200
2025-05-31,0.01150163201565,21000100,0.011637,20991200,0.011637,21000200
2025-06-01,0.011756322847598333,21000100,0.0117962,20991200,0.0117962,21000200
2025-06-02,0.0123615331564,21000100,0.0123488,20991200,0.0123488,21000200
2025-06-03,0.012360873037500001,21000100,0.0122491,20991200,0.0122491,21000200
2025-06-04,0.011927655675000001,21000100,0.0118198,20991200,0.0118198,21000200
2025-06-05,0.0106873512777,21000100,0.010638,20991200,0.010638,21000200
2025-06-06,0.01086553686913125,21000100,0.0110505,20991200,0.0110505,21000200
2025-06-07,0.0115800579191325,21000100,0.0115017,20991200,0.0115017,21000200
2025-06-08,0.011761050965554999,21000100,0.0116682,20991200,0.0116682,21000200
2025-06-09,0.012746509940387498,21000100,0.012653,20991200,0.012653,21000200
2025-06-10,0.0132373990125,21000100,0.0131177,20991200,0.0131177,21000200
2025-06-11,0.012588228900000002,21000100,0.0124744,20991200,0.0124744,21000200
2025-06-12,0.0114978297398825,21000100,0.0114989,20991200,0.0114989,21000200
2025-06-13,0.01111023027359375,21000100,0.0112125,20991200,0.0112125,21000200
2025-06-14,0.0110231255070425,21000100,0.0109358,20991200,0.0109358,21000200
2025-06-15,0.01113350865044,21000100,0.0111056,20991200,0.0111056,21000200
2025-06-16,0.01062820218796875,21000100,0.0105875,20991200,0.0105875,21000200
2025-06-17,0.01017460109823,21000100,0.0101253,20991200,0.0101253,21000200
2025-06-18,0.010385114221411666,21000100,0.0103354,20991200,0.0103354,21000200
2025-06-19,0.010373193841076668,21000100,0.0102967,20991200,0.0102967,21000200
2025-06-20,0.009896940640642915,21000100,0.0098401,20991200,0.0098401,21000200
2025-06-21,0.009305676544720833,21000100,0.009269,20991200,0.009269,21000200
2025-06-22,0.008950094816427083,21000100,0.0088703,20991200,0.0088703,21000200
2025-06-23,0.009885852708385833,21000100,0.0098993,20991200,0.0098993,21000200
2025-06-24,0.009989484871264167,21000100,0.0100543,20991200,0.0100543,21000200
2025-06-25,0.009510925019475832,21000100,0.0094577,20991200,0.0094577,21000200
2025-06-26,0.009153051015363333,21000100,0.0091549,20991200,0.0091549,21000200
2025-06-27,0.009197988908088749,21000100,0.0091707,20991200,0.0091707,21000200
2025-06-28,0.009567625034816252,21000100,0.0095489,20991200,0.0095489,21000200
2025-06-29,0.010370486433291668,21000100,0.0103925,20991200,0.0103925,21000200
2025-06-30,0.009810784889287499,21000100,0.009741,20991200,0.009741,21000200
2025-07-01,0.009245367135105,21000100,0.0092524,20991200,0.0092524,21000200
2025-07-02,0.010046344167885,21000100,0.0100647,20991200,0.0100647,21000200
2025-07-03,0.010215069637500001,21000100,0.0101227,20991200,0.0101227,21000200
2025-07-04,0.009642050658960833,21000100,0.0096386,20991200,0.0096386,21000200
2025-07-05,0.009612375651704584,21000100,0.0096863,20991200,0.0096863,21000200
2025-07-06,0.009980151872220833,21000100,0.0100205,20991200,0.0100205,21000200
2025-07-07,0.0099926584875,21000100,0.0099023,20991200,0.0099023,21000200
2025-07-08,0.01026181126644125,21000100,0.0101929,20991200,0.0101929,21000200
2025-07-09,0.0111539595375,21000100,0.0110531,20991200,0.0110531,21000200
2025-07-10,0.012521424825,21000100,0.0124082,20991200,0.0124082,21000200
2025-07-11,0.0124779315375,21000100,0.0123651,20991200,0.0123651,21000200
2025-07-12,0.012355221937499999,21000100,0.0122435,20991200,0.0122435,21000200
2025-07-13,0.012404354542702499,21000100,0.0122934,20991200,0.0122934,21000200
2025-07-14,0.0123111925893825,21000100,0.0122177,20991200,0.0122177,21000200
2025-07-15,0.012974320125000001,21000100,0.012857,20991200,0.012857,21000200
2025-07-16,0.0136689008625,21000100,0.0135453,20991200,0.0135453,21000200
2025-07-17,0.013490790300000001,21000100,0.0133688,20991200,0.0133688,21000200
2025-07-18,0.013107322800000001,21000100,0.0129888,20991200,0.0129888,21000200
2025-07-19,0.013552145100000001,21000100,0.0134296,20991200,0.0134296,21000200
2025-07-20,0.014238632803465,21000100,0.0140308,20991200,0.0140308,21000200
2025-07-21,0.014367711841642499,21000100,0.0141033,20991200,0.0141033,21000200
2025-07-22,0.0143014204125,21000100,0.0141721,20991200,0.0141721,21000200
2025-07-23,0.012872149896104999,21000100,0.0127282,20991200,0.0127282,21000200
2025-07-24,0.012501545062500001,21000100,0.0123885,20991200,0.0123885,21000200
2025-07-25,0.012638452527600002,21000100,0.012552,20991200,0.012552,21000200
2025-07-26,0.0125219293875,21000100,0.0124087,20991200,0.0124087,21000200
2025-07-27,0.012900855825000002,21000100,0.0127842,20991200,0.0127842,21000200
2025-07-28,0.01200009908512,21000100,0.0119008,20991200,0.0119008,21000200
2025-07-29,0.011433090862967083,21000100,0.0115213,20991200,0.0115213,21000200
2025-07-30,0.011382069374484584,21000100,0.0113369,20991200,0.0113369,21000200
2025-07-31,0.0108063498752625,21000100,0.0107718,20991200,0.0107718,21000200
2025-08-01,0.010470305104495833,21000100,0.010381,20991200,0.010381,21000200
2025-08-02,0.010211103116666667,21000100,0.0101264,20991200,0.0101264,21000200
2025-08-03,0.010490509382219999,21000100,0.0104508,20991200,0.0104508,21000200
2025-08-04,0.010790249018471667,21000100,0.0107482,20991200,0.0107482,21000200
2025-08-05,0.010243509046319998,21000100,0.0101938,20991200,0.0101938,21000200
2025-08-06,0.01061014019563,21000100,0.0105522,20991200,0.0105522,21000200
2025-08-07,0.011213598824999999,21000100,0.0111122,20991200,0.0111122,21000200
2025-08-08,0.01188698410307625,21000100,0.0118189,20991200,0.0118189,21000200
2025-08-09,0.0125124436125,21000100,0.0123993,20991200,0.0123993,21000200
2025-08-10,0.0121780195875,21000100,0.0120679,20991200,0.0120679,21000200
2025-08-11,0.011323795275,21000100,0.0112214,20991200,0.0112214,21000200
2025-08-12,0.012157453052158334,21000100,0.0121396,20991200,0.0121396,21000200
2025-08-13,0.012367230525,21000100,0.0122554,20991200,0.0122554,21000200
2025-08-14,0.0111426573375,21000100,0.0110419,20991200,0.0110419,21000200
2025-08-15,0.010781704898915834,21000100,0.0108007,20991200,0.0108007,21000200
2025-08-16,0.01101970631973125,21000100,0.0110811,20991200,0.0110811,21000200
2025-08-17,0.011147166189149167,21000100,0.0111143,20991200,0.0111143,21000200
2025-08-18,0.010739201463,21000100,0.0106815,20991200,0.0106815,21000200
2025-08-19,0.01021714254787,21000100,0.0101991,20991200,0.0101991,21000200
2025-08-20,0.010723267387533751,21000100,0.0106659,20991200,0.0106659,21000200
2025-08-21,0.01049126715,21000100,0.0103964,20991200,0.0103964,21000200
2025-08-22,0.011660038859285,21000100,0.0115868,20991200,0.0115868,21000200
2025-08-23,0.011358711,21000100,0.011256,20991200,0.011256,21000200
2025-08-24,0.0109291264875,21000100,0.0108303,20991200,0.0108303,21000200
2025-08-25,0.009761661919958335,21000100,0.009749,20991200,0.009749,21000200
2025-08-26,0.00997247394429,21000100,0.0100854,20991200,0.0100854,21000200
2025-08-27,0.0101147433581475,21000100,0.0100251,20991200,0.0100251,21000200
2025-08-28,0.0103062945375,21000100,0.0102131,20991200,0.0102131,21000200
2025-08-29,0.009823203627605,21000100,0.0097737,20991200,0.0097737,21000200
2025-08-30,0.009851487975832083,21000100,0.0098317,20991200,0.0098317,21000200
2025-08-31,0.009731396025,21000100,0.0096434,20991200,0.0096434,21000200
2025-09-01,0.009466598872164583,21000100,0.0094565,20991200,0.0094565,21000200
2025-09-02,0.009866882679727502,21000100,0.0097902,20991200,0.0097902,21000200
2025-09-03,0.009964302075,21000100,0.0098742,20991200,0.0098742,21000200
2025-09-04,0.009492011979493334,21000100,0.0094432,20991200,0.0094432,21000200
2025-09-05,0.0098030359789575,21000100,0.0097514,20991200,0.0097514,21000200
2025-09-06,0.0097240294125,21000100,0.0096361,20991200,0.0096361,21000200
2025-09-07,0.009971265037500001,21000100,0.0098811,20991200,0.0098811,21000200
2025-09-08,0.01040084955,21000100,0.0103068,20991200,0.0103068,21000200
2025-09-09,0.010405491525000001,21000100,0.0103114,20991200,0.0103114,21000200
2025-09-10,0.010606041270859167,21000100,0.0105262,20991200,0.0105262,21000200
2025-09-11,0.010788252637499999,21000100,0.0106907,20991200,0.0106907,21000200
2025-09-12,0.011635587199239166,21000100,0.0115403,20991200,0.0115403,21000200
2025-09-13,0.0120223116,21000100,0.0119136,20991200,0.0119136,21000200
2025-09-14,0.011653980975,21000100,0.0115486,20991200,0.0115486,21000200
2025-09-15,0.01082004224467,21000100,0.0107697,20991200,0.0107697,21000200
2025-09-16,0.011034909151163334,21000100,0.0110719,20991200,0.0110719,21000200
2025-09-17,0.011436934175797917,21000100,0.0114055,20991200,0.0114055,21000200
2025-09-18,0.011546509162500001,21000100,0.0114421,20991200,0.0114421,21000200
2025-09-19,0.010848295575,21000100,0.0107502,20991200,0.0107502,21000200
2025-09-20,0.010653919995033333,21000100,0.010714,20991200,0.010714,21000200
2025-09-21,0.01047507579324,21000100,0.0104061,20991200,0.0104061,21000200
2025-09-22,0.00959575272847125,21000100,0.0096583,20991200,0.0096583,21000200
2025-09-23,0.009557750160903334,21000100,0.0095674,20991200,0.0095674,21000200
2025-09-24,0.009716486921580834,21000100,0.0096343,20991200,0.0096343,21000200
2025-09-25,0.009090011160492502,21000100,0.0090678,20991200,0.0090678,21000200
2025-09-26,0.009402759094913334,21000100,0.0093737,20991200,0.0093737,21000200
2025-09-27,0.009296250885999583,21000100,0.0092371,20991200,0.0092371,21000200
2025-09-28,0.009489306357769582,21000100,0.0094247,20991200,0.0094247,21000200
2025-09-29,0.009429884411701249,21000100,0.0093891,20991200,0.0093891,21000200
2025-09-30,0.009336882417209999,21000100,0.0093213,20991200,0.0093213,21000200
2025-10-01,0.009867022425,21000100,0.0097778,20991200,0.0097778,21000200
2025-10-02,0.010310431949999999,21000100,0.0102172,20991200,0.0102172,21000200
2025-10-03,0.0102063911625,21000100,0.0101141,20991200,0.0101141,21000200
2025-10-04,0.009815014815218334,21000100,0.0097556,20991200,0.0097556,21000200
2025-10-05,0.009836819199935,21000100,0.0097916,20991200,0.0097916,21000200
2025-10-06,0.010213210765525,21000100,0.0102055,20991200,0.0102055,21000200
2025-10-07,0.009581412716749999,21000100,0.009465,20991200,0.009465,21000200
2025-10-08,0.009475203891573102,21000100,0.0095638,20991200,0.0095638,21000200
2025-10-09,0.00929877197578,21000100,0.0092519,20991200,0.0092519,21000200
2025-10-10,0.006706167093729999,21000100,0.0066637,20991200,0.0066637,21000200
2025-10-11,0.0066861444976816665,21000100,0.0067198,20991200,0.0067198,21000200
2025-10-12,0.007386763402257536,21000100,0.0074821,20991200,0.0074821,21000200
2025-10-13,0.00775411208446,21000100,0.0078384,20991200,0.0078384,21000200
2025-10-14,0.00753401796,21000100,0.007515,20991200,0.007515,21000200
2025-10-15,0.0071571964789325,21000100,0.0071769,20991200,0.0071769,21000200
2025-10-16,0.006850243371445,21000100,0.0068676,20991200,0.0068676,21000200
2025-10-17,0.006631985631677499,21000100,0.0066478,20991200,0.0066478,21000200
2025-10-18,0.006747447738356668,21000100,0.0067432,20991200,0.0067432,21000200
2025-10-19,0.00696206460727625,21000100,0.0069907,20991200,0.0069907,21000200
2025-10-20,0.00709435663083,21000100,0.0071512,20991200,0.0071512,21000200
2025-10-21,0.006962194424500001,21000100,0.0069132,20991200,0.0069132,21000200
2025-10-22,0.006687975649664167,21000100,0.0067142,20991200,0.0067142,21000200
2025-10-23,0.00693726524867,21000100,0.0069474,20991200,0.0069474,21000200
2025-10-24,0.007235527162500001,21000100,0.0071701,20991200,0.0071701,21000200
2025-10-25,0.007216656525,21000100,0.0071514,20991200,0.0071514,21000200
2025-10-26,0.007367109581103332,21000100,0.0073208,20991200,0.0073208,21000200
2025-10-27,0.0071455026395,21000100,0.0071275,20991200,0.0071275,21000200
2025-10-28,0.007032901502715,21000100,0.0069828,20991200,0.0069828,21000200
2025-10-29,0.007007304989574167,21000100,0.0070231,20991200,0.0070231,21000200
2025-10-30,0.00638567152292625,21000100,0.0064357,20991200,0.0064357,21000200
2025-10-31,0.006477806808162083,21000100,0.0065611,20991200,0.0065611,21000200
2025-11-01,0.0067399570433625,21000100,0.0066919,20991200,0.0066919,21000200
2025-11-02,0.0067565766276225,21000100,0.0066978,20991200,0.0066978,21000200
2025-11-03,0.005679944833902084,21000100,0.0057161,20991200,0.0057161,21000200
2025-11-04,0.005608299319046667,21000100,0.0055952,20991200,0.0055952,21000200
2025-11-05,0.0057896034981625,21000100,0.005757,20991200,0.005757,21000200
2025-11-06,0.0055672068909625,21000100,0.0055398,20991200,0.0055398,21000200
2025-11-07,0.0062508229875,21000100,0.0061943,20991200,0.0061943,21000200
2025-11-08,0.0061419384,21000100,0.0060864,20991200,0.0060864,21000200
2025-11-09,0.006082915825185,21000100,0.0060636,20991200,0.0060636,21000200
2025-11-10,0.006252558612281667,21000100,0.0062182,20991200,0.0062182,21000200
2025-11-11,0.005839934499521667,21000100,0.0058364,20991200,0.0058364,21000200
2025-11-12,0.0056993604395399996,21000100,0.0057132,20991200,0.0057132,21000200
2025-11-13,0.005428557186066666,21000100,0.005422,20991200,0.005422,21000200
2025-11-14,0.004834064251683333,21000100,0.0049049,20991200,0.0049049,21000200
2025-11-15,0.00491836490808,21000100,0.0049824,20991200,0.0049824,21000200
2025-11-16,0.0048662987647741665,21000100,0.0048658,20991200,0.0048658,21000200
2025-11-17,0.0047597398875,21000100,0.0047167,20991200,0.0047167,21000200
2025-11-18,0.004899290030383334,21000100,0.004867,20991200,0.004867,21000200
2025-11-19,0.0047694407745675,21000100,0.0047637,20991200,0.0047637,21000200
2025-11-20,0.004489395300000001,21000100,0.0044488,20991200,0.0044488,21000200
2025-11-21,0.004084233243022083,21000100,0.0041191,20991200,0.0041191,21000200
2025-11-22,0.0041112093199379175,21000100,0.0041219,20991200,0.0041219,21000200
2025-11-23,0.004154256443599167,21000100,0.0041602,20991200,0.0041602,21000200
2025-11-24,0.00456316351326,21000100,0.0045606,20991200,0.0045606,21000200
2025-11-25,0.004568112778991666,21000100,0.0045755,20991200,0.0045755,21000200
2025-11-26,0.004724969319625001,21000100,0.004695,20991200,0.004695,21000200
2025-11-27,0.0047480325239466666,21000100,0.0047104,20991200,0.0047104,21000200
2025-11-28,0.004609578846475,21000100,0.0046292,20991200,0.0046292,21000200
2025-11-29,0.004566899501814999,21000100,0.0045636,20991200,0.0045636,21000200
2025-11-30,0.004572345375000001,21000100,0.004531,20991200,0.004531,21000200
2025-12-01,0.004017152080435,21000100,0.0040508,20991200,0.0040508,21000200
2025-12-02,0.0044861830782575,21000100,0.0045651,20991200,0.0045651,21000200
2025-12-03,0.0048445063875,21000100,0.0048007,20991200,0.0048007,21000200
2025-12-04,0.0048055541625000005,21000100,0.0047621,20991200,0.0047621,21000200
2025-12-05,0.004403338721781251,21000100,0.0043895,20991200,0.0043895,21000200
2025-12-06,0.004445536814873334,21000100,0.0045112,20991200,0.0045112,21000200
2025-12-07,0.0044278740783666665,21000100,0.004424,20991200,0.004424,21000200
2025-12-08,0.0047664602117000006,21000100,0.0047504,20991200,0.0047504,21000200
2025-12-09,0.004934298682958333,21000100,0.0049489,20991200,0.0049489,21000200
2025-12-10,0.00464142452895375,21000100,0.0046437,20991200,0.0046437,21000200
2025-12-11,0.004567028099233333,21000100,0.0045938,20991200,0.0045938,21000200
2025-12-12,0.004353038708373334,21000100,0.0043264,20991200,0.0043264,21000200
2025-12-13,0.004379290860627083,21000100,0.0043795,20991200,0.0043795,21000200
2025-12-14,0.004187130202536667,21000100,0.0041704,20991200,0.0041704,21000200
2025-12-15,0.004064085333169166,21000100,0.0040666,20991200,0.0040666,21000200
2025-12-16,0.00403559964112,21000100,0.0040928,20991200,0.0040928,21000200
2025-12-17,0.00389343869343,21000100,0.0039006,20991200,0.0039006,21000200
2025-12-18,0.003668583845770833,21000100,0.003715,20991200,0.003715,21000200
2025-12-19,0.004148857850097084,21000100,0.0041123,20991200,0.0041123,21000200
2025-12-20,0.00410376613813375,21000100,0.0040751,20991200,0.0040751,21000200
2025-12-21,0.0040436630244999995,21000100,0.004024,20991200,0.004024,21000200
2025-12-22,0.004020940509276667,21000100,0.0040204,20991200,0.0040204,21000200
2025-12-23,0.00394629517798875,21000100,0.0039339,20991200,0.0039339,21000200
2025-12-24,0.003975709070983333,21000100,0.0039736,20991200,0.0039736,21000200
2025-12-25,0.0039215034622225005,21000100,0.0038938,20991200,0.0038938,21000200
2025-12-26,0.004055653623677083,21000100,0.0040325,20991200,0.0040325,21000200
2025-12-27,0.0042345912375,21000100,0.0041963,20991200,0.0041963,21000200
2025-12-28,0.0042133996125,21000100,0.0041753,20991200,0.0041753,21000200
2025-12-29,0.004069516295845,21000100,0.0040677,20991200,0.0040677,21000200
2025-12-30,0.00411546997758,21000100,0.0041372,20991200,0.0041372,21000200
2025-12-31,0.004053021442906249,21000100,0.0040325,20991200,0.0040325,21000200
2026-01-01,0.0049483067230349995,21000100,0.0049218,20991200,0.0049218,21000200
2026-01-02,0.0060555573,21000100,0.0060008,20991200,0.0060008,21000200
2026-01-03,0.006163029112500001,21000100,0.0061073,20991200,0.0061073,21000200
2026-01-04,0.007231166929583749,21000100,0.0071717,20991200,0.0071717,21000200
2026-01-05,0.007068617887500001,21000100,0.0070047,20991200,0.0070047,21000200
2026-01-06,0.006747996840585,21000100,0.0067067,20991200,0.0067067,21000200
2026-01-07,0.0066214746,21000100,0.0065616,20991200,0.0065616,21000200
2026-01-08,0.0061247735241375,21000100,0.0060843,20991200,0.0060843,21000200
2026-01-09,0.006128555072287501,21000100,0.0061095,20991200,0.0061095,21000200
2026-01-10,0.00596622620136,21000100,0.0059424,20991200,0.0059424,21000200
2026-01-11,0.00583556151629,21000100,0.0058056,20991200,0.0058056,21000200
2026-01-12,0.005761606884894999,21000100,0.0057297,20991200,0.0057297,21000200
2026-01-13,0.0066245289930625005,21000100,0.0065715,20991200,0.0065715,21000200
2026-01-14,0.00629815095,21000100,0.0062412,20991200,0.0062412,21000200
2026-01-15,0.00589714602429,21000100,0.0059097,20991200,0.0059097,21000200
2026-01-16,0.005925897466154999,21000100,0.0059244,20991200,0.0059244,21000200
2026-01-17,0.0057846202181625,21000100,0.0057965,20991200,0.0057965,21000200
2026-01-18,0.00543083216242375,21000100,0.0054629,20991200,0.0054629,21000200
2026-01-19,0.005269724411649583,21000100,0.0052739,20991200,0.0052739,21000200
2026-01-20,0.005025280514776667,21000100,0.0049849,20991200,0.0049849,21000200
2026-01-21,0.005163732293147084,21000100,0.0051403,20991200,0.0051403,21000200
2026-01-22,0.0049441536380925005,21000100,0.0049506,20991200,0.0049506,21000200
2026-01-23,0.0050523605098499996,21000100,0.0050235,20991200,0.0050235,21000200
2026-01-24,0.004997311563768333,21000100,0.0050006,20991200,0.0050006,21000200
2026-01-25,0.0047346759297725,21000100,0.0047081,20991200,0.0047081,21000200
2026-01-26,0.005037311945966667,21000100,0.005006,20991200,0.005006,21000200
2026-01-27,0.005043115599883749,21000100,0.0050233,20991200,0.0050233,21000200
2026-01-28,0.0050034255665225,21000100,0.0049803,20991200,0.0049803,21000200
2026-01-29,0.0047364483736158335,21000100,0.0047323,20991200,0.0047323,21000200
2026-01-30,0.004671048577002083,21000100,0.0046367,20991200,0.0046367,21000200
2026-01-31,0.0041376311979175,21000100,0.0041466,20991200,0.0041466,21000200
2026-02-01,0.004165440957264583,21000100,0.0041569,20991200,0.0041569,21000200
2026-02-02,0.004248832339294167,21000100,0.0042478,20991200,0.0042478,21000200
2026-02-03,0.00413573087024625,21000100,0.0041199,20991200,0.0041199,21000200
2026-02-04,0.004216976828639999,21000100,0.0042032,20991200,0.0042032,21000200
2026-02-05,0.0034161403541895833,21000100,0.0034273,20991200,0.0034273,21000200
2026-02-06,0.0038836909318570837,21000100,0.0039113,20991200,0.0039113,21000200
2026-02-07,0.0038945381935466673,21000100,0.0038624,20991200,0.0038624,21000200
2026-02-08,0.00376714539331,21000100,0.0037756,20991200,0.0037756,21000200
2026-02-09,0.003820764733675417,21000100,0.0038153,20991200,0.0038153,21000200
2026-02-10,0.00363146374712,21000100,0.0036476,20991200,0.0036476,21000200
2026-02-11,0.0035667682585641667,21000100,0.0035642,20991200,0.0035642,21000200
2026-02-12,0.00374526376371625,21000100,0.0037183,20991200,0.0037183,21000200
2026-02-13,0.0037850902582274998,21000100,0.0037746,20991200,0.0037746,21000200
2026-02-14,0.004832866366575,21000100,0.004834,20991200,0.004834,21000200
2026-02-15,0.0044538741000000005,21000100,0.0044136,20991200,0.0044136,21000200
2026-02-16,0.0044918953019350005,21000100,0.0044769,20991200,0.0044769,21000200
2026-02-17,0.004406313180849999,21000100,0.004396,20991200,0.004396,21000200
2026-02-18,0.004226147725425,21000100,0.004233,20991200,0.004233,21000200
2026-02-19,0.004264749724426667,21000100,0.0042272,20991200,0.0042272,21000200
2026-02-20,0.00422697412368,21000100,0.0042552,20991200,0.0042552,21000200
2026-02-21,0.004141970797515833,21000100,0.0041503,20991200,0.0041503,21000200
2026-02-22,0.00403630883796375,21000100,0.0040527,20991200,0.0040527,21000200
2026-02-23,0.003979432036893333,21000100,0.0039664,20991200,0.0039664,21000200
2026-02-24,0.003952359794264584,21000100,0.0039445,20991200,0.0039445,21000200
2026-02-25,0.004153976243909583,21000100,0.0041359,20991200,0.0041359,21000200
2026-02-26,0.00395933364544,21000100,0.0039552,20991200,0.0039552,21000200
