Instrument,Description,broad,fine,economic_id
CFFEX_IC,中金所中证五百股指,股指,股指,CFFEX_IC
CFFEX_IF,中金所沪深三百股指,股指,股指,CFFEX_IF
CFFEX_IH,中金所上证五十股指,股指,股指,CFFEX_IH
CFFEX_IM,中金所中证一千股指,股指,股指,CFFEX_IM
CFFEX_T,中金所十年期国债,利率,利率,CFFEX_T
CFFEX_TF,中金所五年期国债,利率,利率,CFFEX_TF
CFFEX_TL,中金所三十年期国债,利率,利率,CFFEX_TL
CFFEX_TS,中金所两年期国债,利率,利率,CFFEX_TS
CZCE_AP,郑商所苹果,农产品,软商品与园艺,CZCE_AP
CZCE_CF,郑商所棉花,农产品,软商品与园艺,CZCE_CF
CZCE_CJ,郑商所红枣,农产品,软商品与园艺,CZCE_CJ
CZCE_CY,郑商所棉纱,农产品,软商品与园艺,CZCE_CY
CZCE_ER,郑商所早籼稻（旧合约）,农产品,谷物淀粉,CZCE_RI
CZCE_FG,郑商所玻璃,化工,化工,CZCE_FG
CZCE_JR,郑商所粳稻,农产品,谷物淀粉,CZCE_JR
CZCE_LR,郑商所晚籼稻,农产品,谷物淀粉,CZCE_LR
CZCE_MA,郑商所甲醇,化工,化工,CZCE_MA
CZCE_ME,郑商所甲醇（旧合约）,化工,化工,CZCE_MA
CZCE_OI,郑商所菜籽油,农产品,油脂油料,CZCE_OI
CZCE_PF,郑商所短纤,化工,化工,CZCE_PF
CZCE_PK,郑商所花生,农产品,油脂油料,CZCE_PK
CZCE_PL,郑商所丙烯,化工,化工,CZCE_PL
CZCE_PM,郑商所普通小麦,农产品,谷物淀粉,CZCE_PM
CZCE_PR,郑商所瓶片,化工,化工,CZCE_PR
CZCE_PX,郑商所对二甲苯,化工,化工,CZCE_PX
CZCE_RI,郑商所早籼稻,农产品,谷物淀粉,CZCE_RI
CZCE_RM,郑商所菜籽粕,农产品,油脂油料,CZCE_RM
CZCE_RO,郑商所菜籽油（旧合约）,农产品,油脂油料,CZCE_OI
CZCE_RS,郑商所油菜籽,农产品,油脂油料,CZCE_RS
CZCE_SA,郑商所纯碱,化工,化工,CZCE_SA
CZCE_SF,郑商所硅铁,黑色,黑色,CZCE_SF
CZCE_SH,郑商所烧碱,化工,化工,CZCE_SH
CZCE_SM,郑商所锰硅,黑色,黑色,CZCE_SM
CZCE_SR,郑商所白糖,农产品,软商品与园艺,CZCE_SR
CZCE_TA,郑商所精对苯二甲酸,化工,化工,CZCE_TA
CZCE_TC,郑商所动力煤（旧合约）,黑色,黑色,CZCE_ZC
CZCE_UR,郑商所尿素,化工,化工,CZCE_UR
CZCE_WH,郑商所强筋小麦,农产品,谷物淀粉,CZCE_WH
CZCE_WS,郑商所强筋小麦（旧合约）,农产品,谷物淀粉,CZCE_WH
CZCE_WT,郑商所硬白小麦（旧合约）,农产品,谷物淀粉,CZCE_PM
CZCE_ZC,郑商所动力煤,黑色,黑色,CZCE_ZC
DCE_A,大商所黄大豆一号,农产品,油脂油料,DCE_A
DCE_B,大商所黄大豆二号,农产品,油脂油料,DCE_B
DCE_BB,大商所胶合板,林木造纸,林木造纸,DCE_BB
DCE_BZ,大商所纯苯,化工,化工,DCE_BZ
DCE_C,大商所玉米,农产品,谷物淀粉,DCE_C
DCE_CS,大商所玉米淀粉,农产品,谷物淀粉,DCE_CS
DCE_EB,大商所苯乙烯,化工,化工,DCE_EB
DCE_EG,大商所乙二醇,化工,化工,DCE_EG
DCE_FB,大商所纤维板,林木造纸,林木造纸,DCE_FB
DCE_FB_OLD,大商所纤维板（旧五百张合约）,林木造纸,林木造纸,DCE_FB
DCE_I,大商所铁矿石,黑色,黑色,DCE_I
DCE_J,大商所焦炭,黑色,黑色,DCE_J
DCE_JD,大商所鸡蛋,农产品,畜牧,DCE_JD
DCE_JM,大商所焦煤,黑色,黑色,DCE_JM
DCE_L,大商所线型低密度聚乙烯,化工,化工,DCE_L
DCE_LG,大商所原木,林木造纸,林木造纸,DCE_LG
DCE_LH,大商所生猪,农产品,畜牧,DCE_LH
DCE_M,大商所豆粕,农产品,油脂油料,DCE_M
DCE_P,大商所棕榈油,农产品,油脂油料,DCE_P
DCE_PG,大商所液化石油气,能源,能源,DCE_PG
DCE_PP,大商所聚丙烯,化工,化工,DCE_PP
DCE_RR,大商所粳米,农产品,谷物淀粉,DCE_RR
DCE_V,大商所聚氯乙烯,化工,化工,DCE_V
DCE_Y,大商所豆油,农产品,油脂油料,DCE_Y
GFEX_LC,广期所碳酸锂,有色,有色,GFEX_LC
GFEX_PD,广期所钯,贵金属,贵金属,GFEX_PD
GFEX_PS,广期所多晶硅,有色,有色,GFEX_PS
GFEX_PT,广期所铂,贵金属,贵金属,GFEX_PT
GFEX_SI,广期所工业硅,有色,有色,GFEX_SI
INE_BC,上海能源国际铜,有色,有色,INE_BC
INE_EC,上海能源集运指数（欧线）,航运,航运,INE_EC
INE_LU,上海能源低硫燃料油,能源,能源,INE_LU
INE_NR,上海能源二十号胶,化工,化工,INE_NR
INE_SC,上海能源原油,能源,能源,INE_SC
SHFE_AD,上期所铸造铝合金,有色,有色,SHFE_AD
SHFE_AG,上期所白银,贵金属,贵金属,SHFE_AG
SHFE_AL,上期所铝,有色,有色,SHFE_AL
SHFE_AO,上期所氧化铝,有色,有色,SHFE_AO
SHFE_AU,上期所黄金,贵金属,贵金属,SHFE_AU
SHFE_BR,上期所丁二烯橡胶,化工,化工,SHFE_BR
SHFE_BU,上期所石油沥青,能源,能源,SHFE_BU
SHFE_CU,上期所铜,有色,有色,SHFE_CU
SHFE_FU,上期所燃料油,能源,能源,SHFE_FU
SHFE_HC,上期所热轧卷板,黑色,黑色,SHFE_HC
SHFE_NI,上期所镍,有色,有色,SHFE_NI
SHFE_OP,上期所胶版印刷纸,林木造纸,林木造纸,SHFE_OP
SHFE_PB,上期所铅,有色,有色,SHFE_PB
SHFE_RB,上期所螺纹钢,黑色,黑色,SHFE_RB
SHFE_RU,上期所天然橡胶,化工,化工,SHFE_RU
SHFE_SN,上期所锡,有色,有色,SHFE_SN
SHFE_SP,上期所纸浆,林木造纸,林木造纸,SHFE_SP
SHFE_SS,上期所不锈钢,黑色,黑色,SHFE_SS
SHFE_WR,上期所线材,黑色,黑色,SHFE_WR
SHFE_ZN,上期所锌,有色,有色,SHFE_ZN
